Record Length,2.500000e+03,,   0.001075000000,   0.06000,
Sample Interval,2.000000e-08,,   0.001075020000,   0.08000,
Trigger Point,-5.375000000000e+04,,   0.001075040000,   0.06000,
,,,   0.001075060000,  -0.50000,
,,,   0.001075080000,  -0.48000,
,,,   0.001075100000,  -0.50000,
Source,CH1,,   0.001075120000,  -0.50000,
Vertical Units,V,,   0.001075140000,  -0.52000,
Vertical Scale,5.000000e-01,,   0.001075160000,  -0.50000,
Vertical Offset,0.000000e+00,,   0.001075180000,  -0.88000,
Horizontal Units,s,,   0.001075200000,  -0.90000,
Horizontal Scale,5.000000e-06,,   0.001075220000,  -0.88000,
Pt Fmt,Y,,   0.001075240000,  -0.88000,
Yzero,0.000000e+00,,   0.001075260000,  -0.90000,
Probe Atten,1.000000e+00,,   0.001075280000,  -0.90000,
Model Number,TBS1102B-EDU,,   0.001075300000,  -1.00000,
Serial Number,C017490,,   0.001075320000,  -1.02000,
Firmware Version,FV:v4.06,,   0.001075340000,  -1.02000,
,,,0.001075360000,  -1.00000,
,,,0.001075380000,  -1.02000,
,,,0.001075400000,  -1.02000,
,,,0.001075420000,  -0.80000,
,,,0.001075440000,  -0.78000,
,,,0.001075460000,  -0.78000,
,,,0.001075480000,  -0.78000,
,,,0.001075500000,  -0.76000,
,,,0.001075520000,  -0.82000,
,,,0.001075540000,  -0.36000,
,,,0.001075560000,  -0.32000,
,,,0.001075580000,  -0.30000,
,,,0.001075600000,  -0.32000,
,,,0.001075620000,  -0.32000,
,,,0.001075640000,  -0.32000,
,,,0.001075660000,   0.10000,
,,,0.001075680000,   0.30000,
,,,0.001075700000,   0.28000,
,,,0.001075720000,   0.28000,
,,,0.001075740000,   0.30000,
,,,0.001075760000,   0.30000,
,,,0.001075780000,   0.64000,
,,,0.001075800000,   0.80000,
,,,0.001075820000,   0.82000,
,,,0.001075840000,   0.80000,
,,,0.001075860000,   0.80000,
,,,0.001075880000,   0.78000,
,,,0.001075900000,   0.84000,
,,,0.001075920000,   1.00000,
,,,0.001075940000,   1.00000,
,,,0.001075960000,   1.02000,
,,,0.001075980000,   1.00000,
,,,0.001076000000,   0.98000,
,,,0.001076020000,   0.98000,
,,,0.001076040000,   0.74000,
,,,0.001076060000,   0.78000,
,,,0.001076080000,   0.76000,
,,,0.001076100000,   0.76000,
,,,0.001076120000,   0.78000,
,,,0.001076140000,   0.74000,
,,,0.001076160000,   0.18000,
,,,0.001076180000,   0.18000,
,,,0.001076200000,   0.20000,
,,,0.001076220000,   0.22000,
,,,0.001076240000,   0.18000,
,,,0.001076260000,   0.20000,
,,,0.001076280000,  -0.46000,
,,,0.001076300000,  -0.48000,
,,,0.001076320000,  -0.46000,
,,,0.001076340000,  -0.48000,
,,,0.001076360000,  -0.46000,
,,,0.001076380000,  -0.48000,
,,,0.001076400000,  -0.92000,
,,,0.001076420000,  -0.94000,
,,,0.001076440000,  -0.92000,
,,,0.001076460000,  -0.94000,
,,,0.001076480000,  -0.90000,
,,,0.001076500000,  -0.94000,
,,,0.001076520000,  -0.96000,
,,,0.001076540000,  -0.94000,
,,,0.001076560000,  -0.96000,
,,,0.001076580000,  -0.94000,
,,,0.001076600000,  -0.94000,
,,,0.001076620000,  -0.94000,
,,,0.001076640000,  -0.50000,
,,,0.001076660000,  -0.44000,
,,,0.001076680000,  -0.48000,
,,,0.001076700000,  -0.44000,
,,,0.001076720000,  -0.46000,
,,,0.001076740000,  -0.46000,
,,,0.001076760000,   0.20000,
,,,0.001076780000,   0.28000,
,,,0.001076800000,   0.26000,
,,,0.001076820000,   0.26000,
,,,0.001076840000,   0.28000,
,,,0.001076860000,   0.26000,
,,,0.001076880000,   0.66000,
,,,0.001076900000,   0.88000,
,,,0.001076920000,   0.86000,
,,,0.001076940000,   0.86000,
,,,0.001076960000,   0.86000,
,,,0.001076980000,   0.86000,
,,,0.001077000000,   0.88000,
,,,0.001077020000,   0.98000,
,,,0.001077040000,   0.96000,
,,,0.001077060000,   0.98000,
,,,0.001077080000,   0.94000,
,,,0.001077100000,   0.96000,
,,,0.001077120000,   0.84000,
,,,0.001077140000,   0.42000,
,,,0.001077160000,   0.42000,
,,,0.001077180000,   0.44000,
,,,0.001077200000,   0.44000,
,,,0.001077220000,   0.42000,
,,,0.001077240000,   0.40000,
,,,0.001077260000,  -0.40000,
,,,0.001077280000,  -0.36000,
,,,0.001077300000,  -0.38000,
,,,0.001077320000,  -0.40000,
,,,0.001077340000,  -0.36000,
,,,0.001077360000,  -0.38000,
,,,0.001077380000,  -0.98000,
,,,0.001077400000,  -0.96000,
,,,0.001077420000,  -0.96000,
,,,0.001077440000,  -0.92000,
,,,0.001077460000,  -0.96000,
,,,0.001077480000,  -0.96000,
,,,0.001077500000,  -0.92000,
,,,0.001077520000,  -0.92000,
,,,0.001077540000,  -0.90000,
,,,0.001077560000,  -0.88000,
,,,0.001077580000,  -0.88000,
,,,0.001077600000,  -0.88000,
,,,0.001077620000,  -0.24000,
,,,0.001077640000,  -0.26000,
,,,0.001077660000,  -0.24000,
,,,0.001077680000,  -0.24000,
,,,0.001077700000,  -0.22000,
,,,0.001077720000,  -0.20000,
,,,0.001077740000,   0.66000,
,,,0.001077760000,   0.68000,
,,,0.001077780000,   0.66000,
,,,0.001077800000,   0.66000,
,,,0.001077820000,   0.66000,
,,,0.001077840000,   0.66000,
,,,0.001077860000,   0.96000,
,,,0.001077880000,   1.00000,
,,,0.001077900000,   1.02000,
,,,0.001077920000,   1.00000,
,,,0.001077940000,   1.02000,
,,,0.001077960000,   1.02000,
,,,0.001077980000,   0.72000,
,,,0.001078000000,   0.56000,
,,,0.001078020000,   0.56000,
,,,0.001078040000,   0.60000,
,,,0.001078060000,   0.58000,
,,,0.001078080000,   0.56000,
,,,0.001078100000,   0.02000,
,,,0.001078120000,  -0.30000,
,,,0.001078140000,  -0.32000,
,,,0.001078160000,  -0.32000,
,,,0.001078180000,  -0.30000,
,,,0.001078200000,  -0.32000,
,,,0.001078220000,  -0.42000,
,,,0.001078240000,  -0.96000,
,,,0.001078260000,  -0.96000,
,,,0.001078280000,  -0.96000,
,,,0.001078300000,  -0.96000,
,,,0.001078320000,  -0.96000,
,,,0.001078340000,  -0.94000,
,,,0.001078360000,  -0.82000,
,,,0.001078380000,  -0.80000,
,,,0.001078400000,  -0.76000,
,,,0.001078420000,  -0.78000,
,,,0.001078440000,  -0.80000,
,,,0.001078460000,  -0.80000,
,,,0.001078480000,   0.06000,
,,,0.001078500000,   0.04000,
,,,0.001078520000,   0.04000,
,,,0.001078540000,   0.02000,
,,,0.001078560000,   0.06000,
,,,0.001078580000,   0.04000,
,,,0.001078600000,   0.86000,
,,,0.001078620000,   0.86000,
,,,0.001078640000,   0.86000,
,,,0.001078660000,   0.86000,
,,,0.001078680000,   0.86000,
,,,0.001078700000,   0.82000,
,,,0.001078720000,   0.92000,
,,,0.001078740000,   0.92000,
,,,0.001078760000,   0.92000,
,,,0.001078780000,   0.94000,
,,,0.001078800000,   0.90000,
,,,0.001078820000,   0.92000,
,,,0.001078840000,   0.12000,
,,,0.001078860000,   0.14000,
,,,0.001078880000,   0.10000,
,,,0.001078900000,   0.14000,
,,,0.001078920000,   0.10000,
,,,0.001078940000,   0.12000,
,,,0.001078960000,  -0.70000,
,,,0.001078980000,  -0.78000,
,,,0.001079000000,  -0.76000,
,,,0.001079020000,  -0.80000,
,,,0.001079040000,  -0.76000,
,,,0.001079060000,  -0.78000,
,,,0.001079080000,  -0.96000,
,,,0.001079100000,  -1.00000,
,,,0.001079120000,  -1.00000,
,,,0.001079140000,  -0.98000,
,,,0.001079160000,  -0.98000,
,,,0.001079180000,  -0.96000,
,,,0.001079200000,  -0.56000,
,,,0.001079220000,  -0.34000,
,,,0.001079240000,  -0.32000,
,,,0.001079260000,  -0.32000,
,,,0.001079280000,  -0.34000,
,,,0.001079300000,  -0.36000,
,,,0.001079320000,  -0.14000,
,,,0.001079340000,   0.60000,
,,,0.001079360000,   0.60000,
,,,0.001079380000,   0.60000,
,,,0.001079400000,   0.62000,
,,,0.001079420000,   0.60000,
,,,0.001079440000,   0.66000,
,,,0.001079460000,   1.00000,
,,,0.001079480000,   0.98000,
,,,0.001079500000,   0.98000,
,,,0.001079520000,   0.98000,
,,,0.001079540000,   1.00000,
,,,0.001079560000,   0.98000,
,,,0.001079580000,   0.42000,
,,,0.001079600000,   0.42000,
,,,0.001079620000,   0.42000,
,,,0.001079640000,   0.40000,
,,,0.001079660000,   0.40000,
,,,0.001079680000,   0.42000,
,,,0.001079700000,  -0.52000,
,,,0.001079720000,  -0.50000,
,,,0.001079740000,  -0.52000,
,,,0.001079760000,  -0.50000,
,,,0.001079780000,  -0.54000,
,,,0.001079800000,  -0.50000,
,,,0.001079820000,  -1.04000,
,,,0.001079840000,  -1.02000,
,,,0.001079860000,  -1.02000,
,,,0.001079880000,  -1.04000,
,,,0.001079900000,  -1.00000,
,,,0.001079920000,  -1.00000,
,,,0.001079940000,  -0.64000,
,,,0.001079960000,  -0.66000,
,,,0.001079980000,  -0.70000,
,,,0.001080000000,  -0.66000,
,,,0.001080020000,  -0.64000,
,,,0.001080040000,  -0.66000,
,,,0.001080060000,   0.32000,
,,,0.001080080000,   0.32000,
,,,0.001080100000,   0.32000,
,,,0.001080120000,   0.32000,
,,,0.001080140000,   0.32000,
,,,0.001080160000,   0.30000,
,,,0.001080180000,   0.90000,
,,,0.001080200000,   0.98000,
,,,0.001080220000,   0.96000,
,,,0.001080240000,   0.96000,
,,,0.001080260000,   0.96000,
,,,0.001080280000,   0.96000,
,,,0.001080300000,   0.80000,
,,,0.001080320000,   0.80000,
,,,0.001080340000,   0.78000,
,,,0.001080360000,   0.78000,
,,,0.001080380000,   0.80000,
,,,0.001080400000,   0.80000,
,,,0.001080420000,   0.24000,
,,,0.001080440000,  -0.02000,
,,,0.001080460000,  -0.02000,
,,,0.001080480000,  -0.04000,
,,,0.001080500000,  -0.04000,
,,,0.001080520000,  -0.04000,
,,,0.001080540000,  -0.22000,
,,,0.001080560000,  -0.80000,
,,,0.001080580000,  -0.82000,
,,,0.001080600000,  -0.82000,
,,,0.001080620000,  -0.80000,
,,,0.001080640000,  -0.82000,
,,,0.001080660000,  -0.86000,
,,,0.001080680000,  -0.96000,
,,,0.001080700000,  -0.94000,
,,,0.001080720000,  -0.96000,
,,,0.001080740000,  -0.94000,
,,,0.001080760000,  -0.96000,
,,,0.001080780000,  -0.98000,
,,,0.001080800000,  -0.34000,
,,,0.001080820000,  -0.36000,
,,,0.001080840000,  -0.34000,
,,,0.001080860000,  -0.36000,
,,,0.001080880000,  -0.34000,
,,,0.001080900000,  -0.36000,
,,,0.001080920000,   0.50000,
,,,0.001080940000,   0.50000,
,,,0.001080960000,   0.50000,
,,,0.001080980000,   0.50000,
,,,0.001081000000,   0.48000,
,,,0.001081020000,   0.48000,
,,,0.001081040000,   0.98000,
,,,0.001081060000,   0.98000,
,,,0.001081080000,   0.96000,
,,,0.001081100000,   0.98000,
,,,0.001081120000,   1.00000,
,,,0.001081140000,   0.96000,
,,,0.001081160000,   0.78000,
,,,0.001081180000,   0.80000,
,,,0.001081200000,   0.76000,
,,,0.001081220000,   0.76000,
,,,0.001081240000,   0.78000,
,,,0.001081260000,   0.76000,
,,,0.001081280000,  -0.02000,
,,,0.001081300000,   0.02000,
,,,0.001081320000,   0.00000,
,,,0.001081340000,   0.00000,
,,,0.001081360000,   0.00000,
,,,0.001081380000,   0.00000,
,,,0.001081400000,  -0.68000,
,,,0.001081420000,  -0.72000,
,,,0.001081440000,  -0.72000,
,,,0.001081460000,  -0.74000,
,,,0.001081480000,  -0.72000,
,,,0.001081500000,  -0.72000,
,,,0.001081520000,  -0.90000,
,,,0.001081540000,  -1.00000,
,,,0.001081560000,  -1.00000,
,,,0.001081580000,  -1.02000,
,,,0.001081600000,  -1.04000,
,,,0.001081620000,  -1.00000,
,,,0.001081640000,  -0.84000,
,,,0.001081660000,  -0.70000,
,,,0.001081680000,  -0.72000,
,,,0.001081700000,  -0.74000,
,,,0.001081720000,  -0.70000,
,,,0.001081740000,  -0.72000,
,,,0.001081760000,  -0.58000,
,,,0.001081780000,  -0.02000,
,,,0.001081800000,  -0.04000,
,,,0.001081820000,  -0.02000,
,,,0.001081840000,  -0.04000,
,,,0.001081860000,   0.00000,
,,,0.001081880000,  -0.04000,
,,,0.001081900000,   0.72000,
,,,0.001081920000,   0.72000,
,,,0.001081940000,   0.70000,
,,,0.001081960000,   0.70000,
,,,0.001081980000,   0.68000,
,,,0.001082000000,   0.72000,
,,,0.001082020000,   0.98000,
,,,0.001082040000,   0.98000,
,,,0.001082060000,   1.02000,
,,,0.001082080000,   0.98000,
,,,0.001082100000,   1.00000,
,,,0.001082120000,   0.98000,
,,,0.001082140000,   0.80000,
,,,0.001082160000,   0.80000,
,,,0.001082180000,   0.82000,
,,,0.001082200000,   0.82000,
,,,0.001082220000,   0.80000,
,,,0.001082240000,   0.78000,
,,,0.001082260000,   0.24000,
,,,0.001082280000,   0.22000,
,,,0.001082300000,   0.26000,
,,,0.001082320000,   0.22000,
,,,0.001082340000,   0.24000,
,,,0.001082360000,   0.24000,
,,,0.001082380000,  -0.46000,
,,,0.001082400000,  -0.48000,
,,,0.001082420000,  -0.48000,
,,,0.001082440000,  -0.50000,
,,,0.001082460000,  -0.50000,
,,,0.001082480000,  -0.48000,
,,,0.001082500000,  -0.90000,
,,,0.001082520000,  -0.90000,
,,,0.001082540000,  -0.92000,
,,,0.001082560000,  -0.92000,
,,,0.001082580000,  -0.90000,
,,,0.001082600000,  -0.92000,
,,,0.001082620000,  -0.96000,
,,,0.001082640000,  -1.00000,
,,,0.001082660000,  -0.98000,
,,,0.001082680000,  -1.00000,
,,,0.001082700000,  -1.00000,
,,,0.001082720000,  -0.98000,
,,,0.001082740000,  -0.76000,
,,,0.001082760000,  -0.66000,
,,,0.001082780000,  -0.66000,
,,,0.001082800000,  -0.66000,
,,,0.001082820000,  -0.66000,
,,,0.001082840000,  -0.68000,
,,,0.001082860000,  -0.54000,
,,,0.001082880000,  -0.10000,
,,,0.001082900000,  -0.12000,
,,,0.001082920000,  -0.12000,
,,,0.001082940000,  -0.10000,
,,,0.001082960000,  -0.08000,
,,,0.001082980000,   0.02000,
,,,0.001083000000,   0.52000,
,,,0.001083020000,   0.50000,
,,,0.001083040000,   0.52000,
,,,0.001083060000,   0.50000,
,,,0.001083080000,   0.52000,
,,,0.001083100000,   0.52000,
,,,0.001083120000,   0.94000,
,,,0.001083140000,   0.90000,
,,,0.001083160000,   0.92000,
,,,0.001083180000,   0.90000,
,,,0.001083200000,   0.90000,
,,,0.001083220000,   0.90000,
,,,0.001083240000,   0.98000,
,,,0.001083260000,   0.98000,
,,,0.001083280000,   1.02000,
,,,0.001083300000,   0.98000,
,,,0.001083320000,   0.96000,
,,,0.001083340000,   0.98000,
,,,0.001083360000,   0.76000,
,,,0.001083380000,   0.76000,
,,,0.001083400000,   0.74000,
,,,0.001083420000,   0.74000,
,,,0.001083440000,   0.76000,
,,,0.001083460000,   0.78000,
,,,0.001083480000,   0.24000,
,,,0.001083500000,   0.32000,
,,,0.001083520000,   0.28000,
,,,0.001083540000,   0.30000,
,,,0.001083560000,   0.30000,
,,,0.001083580000,   0.28000,
,,,0.001083600000,  -0.30000,
,,,0.001083620000,  -0.32000,
,,,0.001083640000,  -0.30000,
,,,0.001083660000,  -0.26000,
,,,0.001083680000,  -0.28000,
,,,0.001083700000,  -0.28000,
,,,0.001083720000,  -0.72000,
,,,0.001083740000,  -0.74000,
,,,0.001083760000,  -0.72000,
,,,0.001083780000,  -0.76000,
,,,0.001083800000,  -0.74000,
,,,0.001083820000,  -0.74000,
,,,0.001083840000,  -0.98000,
,,,0.001083860000,  -1.00000,
,,,0.001083880000,  -1.02000,
,,,0.001083900000,  -0.98000,
,,,0.001083920000,  -1.00000,
,,,0.001083940000,  -1.02000,
,,,0.001083960000,  -0.96000,
,,,0.001083980000,  -0.96000,
,,,0.001084000000,  -0.96000,
,,,0.001084020000,  -0.98000,
,,,0.001084040000,  -0.94000,
,,,0.001084060000,  -0.96000,
,,,0.001084080000,  -0.90000,
,,,0.001084100000,  -0.66000,
,,,0.001084120000,  -0.66000,
,,,0.001084140000,  -0.66000,
,,,0.001084160000,  -0.66000,
,,,0.001084180000,  -0.70000,
,,,0.001084200000,  -0.56000,
,,,0.001084220000,  -0.14000,
,,,0.001084240000,  -0.16000,
,,,0.001084260000,  -0.16000,
,,,0.001084280000,  -0.16000,
,,,0.001084300000,  -0.14000,
,,,0.001084320000,  -0.14000,
,,,0.001084340000,   0.40000,
,,,0.001084360000,   0.38000,
,,,0.001084380000,   0.36000,
,,,0.001084400000,   0.40000,
,,,0.001084420000,   0.38000,
,,,0.001084440000,   0.36000,
,,,0.001084460000,   0.78000,
,,,0.001084480000,   0.78000,
,,,0.001084500000,   0.78000,
,,,0.001084520000,   0.78000,
,,,0.001084540000,   0.78000,
,,,0.001084560000,   0.80000,
,,,0.001084580000,   1.00000,
,,,0.001084600000,   1.00000,
,,,0.001084620000,   1.00000,
,,,0.001084640000,   0.98000,
,,,0.001084660000,   1.00000,
,,,0.001084680000,   0.96000,
,,,0.001084700000,   0.92000,
,,,0.001084720000,   0.92000,
,,,0.001084740000,   0.88000,
,,,0.001084760000,   0.92000,
,,,0.001084780000,   0.92000,
,,,0.001084800000,   0.92000,
,,,0.001084820000,   0.54000,
,,,0.001084840000,   0.52000,
,,,0.001084860000,   0.56000,
,,,0.001084880000,   0.54000,
,,,0.001084900000,   0.52000,
,,,0.001084920000,   0.52000,
,,,0.001084940000,   0.06000,
,,,0.001084960000,   0.00000,
,,,0.001084980000,   0.02000,
,,,0.001085000000,   0.02000,
,,,0.001085020000,   0.04000,
,,,0.001085040000,   0.00000,
,,,0.001085060000,  -0.36000,
,,,0.001085080000,  -0.52000,
,,,0.001085100000,  -0.52000,
,,,0.001085120000,  -0.50000,
,,,0.001085140000,  -0.52000,
,,,0.001085160000,  -0.54000,
,,,0.001085180000,  -0.76000,
,,,0.001085200000,  -0.88000,
,,,0.001085220000,  -0.90000,
,,,0.001085240000,  -0.92000,
,,,0.001085260000,  -0.90000,
,,,0.001085280000,  -0.90000,
,,,0.001085300000,  -0.92000,
,,,0.001085320000,  -1.02000,
,,,0.001085340000,  -1.04000,
,,,0.001085360000,  -0.98000,
,,,0.001085380000,  -1.00000,
,,,0.001085400000,  -1.00000,
,,,0.001085420000,  -1.00000,
,,,0.001085440000,  -0.74000,
,,,0.001085460000,  -0.78000,
,,,0.001085480000,  -0.74000,
,,,0.001085500000,  -0.78000,
,,,0.001085520000,  -0.76000,
,,,0.001085540000,  -0.76000,
,,,0.001085560000,  -0.28000,
,,,0.001085580000,  -0.28000,
,,,0.001085600000,  -0.28000,
,,,0.001085620000,  -0.26000,
,,,0.001085640000,  -0.26000,
,,,0.001085660000,  -0.28000,
,,,0.001085680000,   0.32000,
,,,0.001085700000,   0.32000,
,,,0.001085720000,   0.32000,
,,,0.001085740000,   0.32000,
,,,0.001085760000,   0.32000,
,,,0.001085780000,   0.32000,
,,,0.001085800000,   0.86000,
,,,0.001085820000,   0.84000,
,,,0.001085840000,   0.82000,
,,,0.001085860000,   0.84000,
,,,0.001085880000,   0.82000,
,,,0.001085900000,   0.80000,
,,,0.001085920000,   0.98000,
,,,0.001085940000,   1.00000,
,,,0.001085960000,   1.00000,
,,,0.001085980000,   0.98000,
,,,0.001086000000,   0.98000,
,,,0.001086020000,   1.00000,
,,,0.001086040000,   0.78000,
,,,0.001086060000,   0.72000,
,,,0.001086080000,   0.74000,
,,,0.001086100000,   0.76000,
,,,0.001086120000,   0.72000,
,,,0.001086140000,   0.74000,
,,,0.001086160000,   0.22000,
,,,0.001086180000,   0.20000,
,,,0.001086200000,   0.16000,
,,,0.001086220000,   0.20000,
,,,0.001086240000,   0.16000,
,,,0.001086260000,   0.18000,
,,,0.001086280000,  -0.24000,
,,,0.001086300000,  -0.52000,
,,,0.001086320000,  -0.48000,
,,,0.001086340000,  -0.48000,
,,,0.001086360000,  -0.48000,
,,,0.001086380000,  -0.48000,
,,,0.001086400000,  -0.62000,
,,,0.001086420000,  -0.94000,
,,,0.001086440000,  -0.94000,
,,,0.001086460000,  -0.98000,
,,,0.001086480000,  -0.94000,
,,,0.001086500000,  -0.90000,
,,,0.001086520000,  -0.92000,
,,,0.001086540000,  -0.94000,
,,,0.001086560000,  -0.92000,
,,,0.001086580000,  -0.94000,
,,,0.001086600000,  -0.94000,
,,,0.001086620000,  -0.90000,
,,,0.001086640000,  -0.94000,
,,,0.001086660000,  -0.44000,
,,,0.001086680000,  -0.46000,
,,,0.001086700000,  -0.44000,
,,,0.001086720000,  -0.46000,
,,,0.001086740000,  -0.42000,
,,,0.001086760000,  -0.44000,
,,,0.001086780000,   0.32000,
,,,0.001086800000,   0.26000,
,,,0.001086820000,   0.30000,
,,,0.001086840000,   0.32000,
,,,0.001086860000,   0.28000,
,,,0.001086880000,   0.28000,
,,,0.001086900000,   0.90000,
,,,0.001086920000,   0.90000,
,,,0.001086940000,   0.88000,
,,,0.001086960000,   0.88000,
,,,0.001086980000,   0.88000,
,,,0.001087000000,   0.86000,
,,,0.001087020000,   0.94000,
,,,0.001087040000,   0.92000,
,,,0.001087060000,   0.96000,
,,,0.001087080000,   0.94000,
,,,0.001087100000,   0.98000,
,,,0.001087120000,   0.98000,
,,,0.001087140000,   0.38000,
,,,0.001087160000,   0.40000,
,,,0.001087180000,   0.40000,
,,,0.001087200000,   0.38000,
,,,0.001087220000,   0.40000,
,,,0.001087240000,   0.40000,
,,,0.001087260000,  -0.36000,
,,,0.001087280000,  -0.42000,
,,,0.001087300000,  -0.42000,
,,,0.001087320000,  -0.40000,
,,,0.001087340000,  -0.38000,
,,,0.001087360000,  -0.42000,
,,,0.001087380000,  -0.92000,
,,,0.001087400000,  -0.98000,
,,,0.001087420000,  -0.94000,
,,,0.001087440000,  -0.96000,
,,,0.001087460000,  -0.94000,
,,,0.001087480000,  -0.94000,
,,,0.001087500000,  -0.90000,
,,,0.001087520000,  -0.88000,
,,,0.001087540000,  -0.92000,
,,,0.001087560000,  -0.90000,
,,,0.001087580000,  -0.90000,
,,,0.001087600000,  -0.90000,
,,,0.001087620000,  -0.74000,
,,,0.001087640000,  -0.20000,
,,,0.001087660000,  -0.20000,
,,,0.001087680000,  -0.18000,
,,,0.001087700000,  -0.18000,
,,,0.001087720000,  -0.18000,
,,,0.001087740000,  -0.02000,
,,,0.001087760000,   0.70000,
,,,0.001087780000,   0.70000,
,,,0.001087800000,   0.70000,
,,,0.001087820000,   0.68000,
,,,0.001087840000,   0.68000,
,,,0.001087860000,   0.70000,
,,,0.001087880000,   1.00000,
,,,0.001087900000,   0.98000,
,,,0.001087920000,   1.02000,
,,,0.001087940000,   1.00000,
,,,0.001087960000,   1.02000,
,,,0.001087980000,   1.00000,
,,,0.001088000000,   0.56000,
,,,0.001088020000,   0.52000,
,,,0.001088040000,   0.52000,
,,,0.001088060000,   0.54000,
,,,0.001088080000,   0.54000,
,,,0.001088100000,   0.56000,
,,,0.001088120000,  -0.36000,
,,,0.001088140000,  -0.34000,
,,,0.001088160000,  -0.34000,
,,,0.001088180000,  -0.34000,
,,,0.001088200000,  -0.34000,
,,,0.001088220000,  -0.32000,
,,,0.001088240000,  -0.96000,
,,,0.001088260000,  -1.00000,
,,,0.001088280000,  -0.98000,
,,,0.001088300000,  -0.94000,
,,,0.001088320000,  -0.98000,
,,,0.001088340000,  -0.98000,
,,,0.001088360000,  -0.76000,
,,,0.001088380000,  -0.76000,
,,,0.001088400000,  -0.78000,
,,,0.001088420000,  -0.78000,
,,,0.001088440000,  -0.76000,
,,,0.001088460000,  -0.78000,
,,,0.001088480000,   0.02000,
,,,0.001088500000,   0.08000,
,,,0.001088520000,   0.10000,
,,,0.001088540000,   0.08000,
,,,0.001088560000,   0.08000,
,,,0.001088580000,   0.10000,
,,,0.001088600000,   0.58000,
,,,0.001088620000,   0.88000,
,,,0.001088640000,   0.86000,
,,,0.001088660000,   0.86000,
,,,0.001088680000,   0.88000,
,,,0.001088700000,   0.88000,
,,,0.001088720000,   0.90000,
,,,0.001088740000,   0.92000,
,,,0.001088760000,   0.92000,
,,,0.001088780000,   0.92000,
,,,0.001088800000,   0.88000,
,,,0.001088820000,   0.90000,
,,,0.001088840000,   0.76000,
,,,0.001088860000,   0.16000,
,,,0.001088880000,   0.14000,
,,,0.001088900000,   0.18000,
,,,0.001088920000,   0.16000,
,,,0.001088940000,   0.16000,
,,,0.001088960000,   0.16000,
,,,0.001088980000,  -0.80000,
,,,0.001089000000,  -0.78000,
,,,0.001089020000,  -0.80000,
,,,0.001089040000,  -0.80000,
,,,0.001089060000,  -0.80000,
,,,0.001089080000,  -0.78000,
,,,0.001089100000,  -0.96000,
,,,0.001089120000,  -0.98000,
,,,0.001089140000,  -0.98000,
,,,0.001089160000,  -0.96000,
,,,0.001089180000,  -0.98000,
,,,0.001089200000,  -0.98000,
,,,0.001089220000,  -0.28000,
,,,0.001089240000,  -0.28000,
,,,0.001089260000,  -0.32000,
,,,0.001089280000,  -0.30000,
,,,0.001089300000,  -0.28000,
,,,0.001089320000,  -0.30000,
,,,0.001089340000,   0.66000,
,,,0.001089360000,   0.64000,
,,,0.001089380000,   0.62000,
,,,0.001089400000,   0.62000,
,,,0.001089420000,   0.62000,
,,,0.001089440000,   0.64000,
,,,0.001089460000,   0.98000,
,,,0.001089480000,   0.98000,
,,,0.001089500000,   0.98000,
,,,0.001089520000,   0.98000,
,,,0.001089540000,   0.98000,
,,,0.001089560000,   0.98000,
,,,0.001089580000,   0.44000,
,,,0.001089600000,   0.42000,
,,,0.001089620000,   0.38000,
,,,0.001089640000,   0.40000,
,,,0.001089660000,   0.42000,
,,,0.001089680000,   0.40000,
,,,0.001089700000,  -0.46000,
,,,0.001089720000,  -0.54000,
,,,0.001089740000,  -0.56000,
,,,0.001089760000,  -0.54000,
,,,0.001089780000,  -0.54000,
,,,0.001089800000,  -0.54000,
,,,0.001089820000,  -0.86000,
,,,0.001089840000,  -1.02000,
,,,0.001089860000,  -1.02000,
,,,0.001089880000,  -1.04000,
,,,0.001089900000,  -1.00000,
,,,0.001089920000,  -1.02000,
,,,0.001089940000,  -0.96000,
,,,0.001089960000,  -0.62000,
,,,0.001089980000,  -0.62000,
,,,0.001090000000,  -0.62000,
,,,0.001090020000,  -0.62000,
,,,0.001090040000,  -0.64000,
,,,0.001090060000,  -0.40000,
,,,0.001090080000,   0.36000,
,,,0.001090100000,   0.36000,
,,,0.001090120000,   0.36000,
,,,0.001090140000,   0.38000,
,,,0.001090160000,   0.38000,
,,,0.001090180000,   0.38000,
,,,0.001090200000,   0.96000,
,,,0.001090220000,   0.98000,
,,,0.001090240000,   0.96000,
,,,0.001090260000,   0.96000,
,,,0.001090280000,   0.98000,
,,,0.001090300000,   0.98000,
,,,0.001090320000,   0.74000,
,,,0.001090340000,   0.78000,
,,,0.001090360000,   0.74000,
,,,0.001090380000,   0.78000,
,,,0.001090400000,   0.78000,
,,,0.001090420000,   0.74000,
,,,0.001090440000,  -0.06000,
,,,0.001090460000,  -0.04000,
,,,0.001090480000,  -0.06000,
,,,0.001090500000,  -0.02000,
,,,0.001090520000,  -0.04000,
,,,0.001090540000,  -0.06000,
,,,0.001090560000,  -0.86000,
,,,0.001090580000,  -0.82000,
,,,0.001090600000,  -0.80000,
,,,0.001090620000,  -0.82000,
,,,0.001090640000,  -0.84000,
,,,0.001090660000,  -0.82000,
,,,0.001090680000,  -0.96000,
,,,0.001090700000,  -0.94000,
,,,0.001090720000,  -0.94000,
,,,0.001090740000,  -0.92000,
,,,0.001090760000,  -0.96000,
,,,0.001090780000,  -0.94000,
,,,0.001090800000,  -0.34000,
,,,0.001090820000,  -0.34000,
,,,0.001090840000,  -0.32000,
,,,0.001090860000,  -0.30000,
,,,0.001090880000,  -0.32000,
,,,0.001090900000,  -0.30000,
,,,0.001090920000,   0.24000,
,,,0.001090940000,   0.54000,
,,,0.001090960000,   0.52000,
,,,0.001090980000,   0.50000,
,,,0.001091000000,   0.50000,
,,,0.001091020000,   0.52000,
,,,0.001091040000,   0.82000,
,,,0.001091060000,   1.02000,
,,,0.001091080000,   1.02000,
,,,0.001091100000,   0.96000,
,,,0.001091120000,   1.00000,
,,,0.001091140000,   1.02000,
,,,0.001091160000,   0.92000,
,,,0.001091180000,   0.76000,
,,,0.001091200000,   0.78000,
,,,0.001091220000,   0.76000,
,,,0.001091240000,   0.78000,
,,,0.001091260000,   0.76000,
,,,0.001091280000,   0.60000,
,,,0.001091300000,  -0.02000,
,,,0.001091320000,  -0.06000,
,,,0.001091340000,  -0.04000,
,,,0.001091360000,  -0.04000,
,,,0.001091380000,   0.00000,
,,,0.001091400000,  -0.06000,
,,,0.001091420000,  -0.74000,
,,,0.001091440000,  -0.76000,
,,,0.001091460000,  -0.74000,
,,,0.001091480000,  -0.76000,
,,,0.001091500000,  -0.76000,
,,,0.001091520000,  -0.74000,
,,,0.001091540000,  -1.02000,
,,,0.001091560000,  -1.02000,
,,,0.001091580000,  -1.00000,
,,,0.001091600000,  -1.00000,
,,,0.001091620000,  -1.02000,
,,,0.001091640000,  -1.00000,
,,,0.001091660000,  -0.70000,
,,,0.001091680000,  -0.68000,
,,,0.001091700000,  -0.72000,
,,,0.001091720000,  -0.68000,
,,,0.001091740000,  -0.70000,
,,,0.001091760000,  -0.68000,
,,,0.001091780000,   0.04000,
,,,0.001091800000,   0.04000,
,,,0.001091820000,   0.02000,
,,,0.001091840000,   0.00000,
,,,0.001091860000,  -0.02000,
,,,0.001091880000,   0.00000,
,,,0.001091900000,   0.76000,
,,,0.001091920000,   0.72000,
,,,0.001091940000,   0.72000,
,,,0.001091960000,   0.72000,
,,,0.001091980000,   0.74000,
,,,0.001092000000,   0.72000,
,,,0.001092020000,   0.94000,
,,,0.001092040000,   0.98000,
,,,0.001092060000,   1.02000,
,,,0.001092080000,   1.02000,
,,,0.001092100000,   0.98000,
,,,0.001092120000,   1.00000,
,,,0.001092140000,   0.80000,
,,,0.001092160000,   0.80000,
,,,0.001092180000,   0.78000,
,,,0.001092200000,   0.78000,
,,,0.001092220000,   0.78000,
,,,0.001092240000,   0.78000,
,,,0.001092260000,   0.40000,
,,,0.001092280000,   0.20000,
,,,0.001092300000,   0.20000,
,,,0.001092320000,   0.20000,
,,,0.001092340000,   0.18000,
,,,0.001092360000,   0.18000,
,,,0.001092380000,   0.06000,
,,,0.001092400000,  -0.46000,
,,,0.001092420000,  -0.46000,
,,,0.001092440000,  -0.46000,
,,,0.001092460000,  -0.46000,
,,,0.001092480000,  -0.44000,
,,,0.001092500000,  -0.44000,
,,,0.001092520000,  -0.98000,
,,,0.001092540000,  -0.94000,
,,,0.001092560000,  -0.94000,
,,,0.001092580000,  -0.94000,
,,,0.001092600000,  -0.94000,
,,,0.001092620000,  -0.94000,
,,,0.001092640000,  -0.96000,
,,,0.001092660000,  -0.98000,
,,,0.001092680000,  -0.96000,
,,,0.001092700000,  -0.96000,
,,,0.001092720000,  -0.96000,
,,,0.001092740000,  -0.98000,
,,,0.001092760000,  -0.62000,
,,,0.001092780000,  -0.66000,
,,,0.001092800000,  -0.64000,
,,,0.001092820000,  -0.62000,
,,,0.001092840000,  -0.64000,
,,,0.001092860000,  -0.62000,
,,,0.001092880000,  -0.08000,
,,,0.001092900000,  -0.08000,
,,,0.001092920000,  -0.10000,
,,,0.001092940000,  -0.08000,
,,,0.001092960000,  -0.10000,
,,,0.001092980000,  -0.08000,
,,,0.001093000000,   0.52000,
,,,0.001093020000,   0.52000,
,,,0.001093040000,   0.56000,
,,,0.001093060000,   0.56000,
,,,0.001093080000,   0.54000,
,,,0.001093100000,   0.52000,
,,,0.001093120000,   0.90000,
,,,0.001093140000,   0.94000,
,,,0.001093160000,   0.90000,
,,,0.001093180000,   0.90000,
,,,0.001093200000,   0.90000,
,,,0.001093220000,   0.90000,
,,,0.001093240000,   0.98000,
,,,0.001093260000,   0.98000,
,,,0.001093280000,   1.00000,
,,,0.001093300000,   0.96000,
,,,0.001093320000,   1.00000,
,,,0.001093340000,   1.00000,
,,,0.001093360000,   0.84000,
,,,0.001093380000,   0.74000,
,,,0.001093400000,   0.74000,
,,,0.001093420000,   0.76000,
,,,0.001093440000,   0.74000,
,,,0.001093460000,   0.74000,
,,,0.001093480000,   0.64000,
,,,0.001093500000,   0.26000,
,,,0.001093520000,   0.26000,
,,,0.001093540000,   0.26000,
,,,0.001093560000,   0.30000,
,,,0.001093580000,   0.26000,
,,,0.001093600000,   0.14000,
,,,0.001093620000,  -0.34000,
,,,0.001093640000,  -0.30000,
,,,0.001093660000,  -0.32000,
,,,0.001093680000,  -0.34000,
,,,0.001093700000,  -0.32000,
,,,0.001093720000,  -0.32000,
,,,0.001093740000,  -0.80000,
,,,0.001093760000,  -0.74000,
,,,0.001093780000,  -0.78000,
,,,0.001093800000,  -0.76000,
,,,0.001093820000,  -0.80000,
,,,0.001093840000,  -0.80000,
,,,0.001093860000,  -1.00000,
,,,0.001093880000,  -0.98000,
,,,0.001093900000,  -1.00000,
,,,0.001093920000,  -1.00000,
,,,0.001093940000,  -0.98000,
,,,0.001093960000,  -1.00000,
,,,0.001093980000,  -0.96000,
,,,0.001094000000,  -0.96000,
,,,0.001094020000,  -0.96000,
,,,0.001094040000,  -0.94000,
,,,0.001094060000,  -0.96000,
,,,0.001094080000,  -0.96000,
,,,0.001094100000,  -0.64000,
,,,0.001094120000,  -0.66000,
,,,0.001094140000,  -0.66000,
,,,0.001094160000,  -0.66000,
,,,0.001094180000,  -0.66000,
,,,0.001094200000,  -0.66000,
,,,0.001094220000,  -0.12000,
,,,0.001094240000,  -0.14000,
,,,0.001094260000,  -0.14000,
,,,0.001094280000,  -0.12000,
,,,0.001094300000,  -0.12000,
,,,0.001094320000,  -0.14000,
,,,0.001094340000,   0.34000,
,,,0.001094360000,   0.38000,
,,,0.001094380000,   0.38000,
,,,0.001094400000,   0.38000,
,,,0.001094420000,   0.40000,
,,,0.001094440000,   0.38000,
,,,0.001094460000,   0.66000,
,,,0.001094480000,   0.80000,
,,,0.001094500000,   0.80000,
,,,0.001094520000,   0.82000,
,,,0.001094540000,   0.80000,
,,,0.001094560000,   0.80000,
,,,0.001094580000,   0.92000,
,,,0.001094600000,   0.98000,
,,,0.001094620000,   1.02000,
,,,0.001094640000,   0.98000,
,,,0.001094660000,   1.02000,
,,,0.001094680000,   1.00000,
,,,0.001094700000,   0.98000,
,,,0.001094720000,   0.90000,
,,,0.001094740000,   0.90000,
,,,0.001094760000,   0.92000,
,,,0.001094780000,   0.90000,
,,,0.001094800000,   0.92000,
,,,0.001094820000,   0.82000,
,,,0.001094840000,   0.52000,
,,,0.001094860000,   0.52000,
,,,0.001094880000,   0.52000,
,,,0.001094900000,   0.52000,
,,,0.001094920000,   0.50000,
,,,0.001094940000,   0.50000,
,,,0.001094960000,   0.00000,
,,,0.001094980000,   0.00000,
,,,0.001095000000,   0.00000,
,,,0.001095020000,   0.02000,
,,,0.001095040000,  -0.02000,
,,,0.001095060000,  -0.02000,
,,,0.001095080000,  -0.54000,
,,,0.001095100000,  -0.50000,
,,,0.001095120000,  -0.52000,
,,,0.001095140000,  -0.54000,
,,,0.001095160000,  -0.54000,
,,,0.001095180000,  -0.56000,
,,,0.001095200000,  -0.90000,
,,,0.001095220000,  -0.92000,
,,,0.001095240000,  -0.92000,
,,,0.001095260000,  -0.88000,
,,,0.001095280000,  -0.94000,
,,,0.001095300000,  -0.92000,
,,,0.001095320000,  -1.04000,
,,,0.001095340000,  -1.02000,
,,,0.001095360000,  -1.02000,
,,,0.001095380000,  -1.02000,
,,,0.001095400000,  -1.00000,
,,,0.001095420000,  -1.00000,
,,,0.001095440000,  -0.78000,
,,,0.001095460000,  -0.78000,
,,,0.001095480000,  -0.76000,
,,,0.001095500000,  -0.76000,
,,,0.001095520000,  -0.78000,
,,,0.001095540000,  -0.76000,
,,,0.001095560000,  -0.28000,
,,,0.001095580000,  -0.24000,
,,,0.001095600000,  -0.24000,
,,,0.001095620000,  -0.26000,
,,,0.001095640000,  -0.24000,
,,,0.001095660000,  -0.26000,
,,,0.001095680000,   0.12000,
,,,0.001095700000,   0.34000,
,,,0.001095720000,   0.36000,
,,,0.001095740000,   0.36000,
,,,0.001095760000,   0.36000,
,,,0.001095780000,   0.36000,
,,,0.001095800000,   0.66000,
,,,0.001095820000,   0.82000,
,,,0.001095840000,   0.82000,
,,,0.001095860000,   0.84000,
,,,0.001095880000,   0.82000,
,,,0.001095900000,   0.84000,
,,,0.001095920000,   0.88000,
,,,0.001095940000,   0.98000,
,,,0.001095960000,   1.00000,
,,,0.001095980000,   1.00000,
,,,0.001096000000,   1.00000,
,,,0.001096020000,   1.00000,
,,,0.001096040000,   1.00000,
,,,0.001096060000,   0.72000,
,,,0.001096080000,   0.74000,
,,,0.001096100000,   0.72000,
,,,0.001096120000,   0.74000,
,,,0.001096140000,   0.70000,
,,,0.001096160000,   0.72000,
,,,0.001096180000,   0.12000,
,,,0.001096200000,   0.14000,
,,,0.001096220000,   0.12000,
,,,0.001096240000,   0.14000,
,,,0.001096260000,   0.14000,
,,,0.001096280000,   0.14000,
,,,0.001096300000,  -0.54000,
,,,0.001096320000,  -0.52000,
,,,0.001096340000,  -0.54000,
,,,0.001096360000,  -0.54000,
,,,0.001096380000,  -0.50000,
,,,0.001096400000,  -0.50000,
,,,0.001096420000,  -0.96000,
,,,0.001096440000,  -0.98000,
,,,0.001096460000,  -0.92000,
,,,0.001096480000,  -0.96000,
,,,0.001096500000,  -0.94000,
,,,0.001096520000,  -0.96000,
,,,0.001096540000,  -0.90000,
,,,0.001096560000,  -0.94000,
,,,0.001096580000,  -0.92000,
,,,0.001096600000,  -0.92000,
,,,0.001096620000,  -0.92000,
,,,0.001096640000,  -0.92000,
,,,0.001096660000,  -0.46000,
,,,0.001096680000,  -0.42000,
,,,0.001096700000,  -0.42000,
,,,0.001096720000,  -0.42000,
,,,0.001096740000,  -0.40000,
,,,0.001096760000,  -0.40000,
,,,0.001096780000,   0.30000,
,,,0.001096800000,   0.34000,
,,,0.001096820000,   0.36000,
,,,0.001096840000,   0.34000,
,,,0.001096860000,   0.34000,
,,,0.001096880000,   0.32000,
,,,0.001096900000,   0.74000,
,,,0.001096920000,   0.88000,
,,,0.001096940000,   0.88000,
,,,0.001096960000,   0.90000,
,,,0.001096980000,   0.90000,
,,,0.001097000000,   0.90000,
,,,0.001097020000,   0.94000,
,,,0.001097040000,   0.94000,
,,,0.001097060000,   0.96000,
,,,0.001097080000,   0.98000,
,,,0.001097100000,   0.94000,
,,,0.001097120000,   0.94000,
,,,0.001097140000,   0.82000,
,,,0.001097160000,   0.36000,
,,,0.001097180000,   0.36000,
,,,0.001097200000,   0.36000,
,,,0.001097220000,   0.36000,
,,,0.001097240000,   0.38000,
,,,0.001097260000,   0.38000,
,,,0.001097280000,  -0.44000,
,,,0.001097300000,  -0.44000,
,,,0.001097320000,  -0.42000,
,,,0.001097340000,  -0.44000,
,,,0.001097360000,  -0.42000,
,,,0.001097380000,  -0.44000,
,,,0.001097400000,  -0.98000,
,,,0.001097420000,  -0.98000,
,,,0.001097440000,  -0.94000,
,,,0.001097460000,  -0.96000,
,,,0.001097480000,  -0.98000,
,,,0.001097500000,  -0.96000,
,,,0.001097520000,  -0.84000,
,,,0.001097540000,  -0.88000,
,,,0.001097560000,  -0.86000,
,,,0.001097580000,  -0.88000,
,,,0.001097600000,  -0.90000,
,,,0.001097620000,  -0.86000,
,,,0.001097640000,  -0.18000,
,,,0.001097660000,  -0.18000,
,,,0.001097680000,  -0.16000,
,,,0.001097700000,  -0.18000,
,,,0.001097720000,  -0.16000,
,,,0.001097740000,  -0.16000,
,,,0.001097760000,   0.74000,
,,,0.001097780000,   0.70000,
,,,0.001097800000,   0.68000,
,,,0.001097820000,   0.70000,
,,,0.001097840000,   0.72000,
,,,0.001097860000,   0.72000,
,,,0.001097880000,   0.98000,
,,,0.001097900000,   1.00000,
,,,0.001097920000,   1.00000,
,,,0.001097940000,   1.00000,
,,,0.001097960000,   1.00000,
,,,0.001097980000,   0.98000,
,,,0.001098000000,   0.70000,
,,,0.001098020000,   0.50000,
,,,0.001098040000,   0.52000,
,,,0.001098060000,   0.52000,
,,,0.001098080000,   0.50000,
,,,0.001098100000,   0.52000,
,,,0.001098120000,  -0.10000,
,,,0.001098140000,  -0.36000,
,,,0.001098160000,  -0.38000,
,,,0.001098180000,  -0.40000,
,,,0.001098200000,  -0.36000,
,,,0.001098220000,  -0.38000,
,,,0.001098240000,  -0.52000,
,,,0.001098260000,  -0.98000,
,,,0.001098280000,  -0.96000,
,,,0.001098300000,  -1.02000,
,,,0.001098320000,  -1.00000,
,,,0.001098340000,  -0.98000,
,,,0.001098360000,  -0.92000,
,,,0.001098380000,  -0.72000,
,,,0.001098400000,  -0.74000,
,,,0.001098420000,  -0.74000,
,,,0.001098440000,  -0.74000,
,,,0.001098460000,  -0.74000,
,,,0.001098480000,  -0.72000,
,,,0.001098500000,   0.14000,
,,,0.001098520000,   0.14000,
,,,0.001098540000,   0.10000,
,,,0.001098560000,   0.12000,
,,,0.001098580000,   0.12000,
,,,0.001098600000,   0.12000,
,,,0.001098620000,   0.92000,
,,,0.001098640000,   0.88000,
,,,0.001098660000,   0.88000,
,,,0.001098680000,   0.88000,
,,,0.001098700000,   0.90000,
,,,0.001098720000,   0.90000,
,,,0.001098740000,   0.90000,
,,,0.001098760000,   0.90000,
,,,0.001098780000,   0.88000,
,,,0.001098800000,   0.90000,
,,,0.001098820000,   0.88000,
,,,0.001098840000,   0.88000,
,,,0.001098860000,   0.10000,
,,,0.001098880000,   0.12000,
,,,0.001098900000,   0.08000,
,,,0.001098920000,   0.08000,
,,,0.001098940000,   0.14000,
,,,0.001098960000,   0.10000,
,,,0.001098980000,  -0.82000,
,,,0.001099000000,  -0.80000,
,,,0.001099020000,  -0.80000,
,,,0.001099040000,  -0.82000,
,,,0.001099060000,  -0.80000,
,,,0.001099080000,  -0.84000,
,,,0.001099100000,  -0.94000,
,,,0.001099120000,  -0.94000,
,,,0.001099140000,  -0.98000,
,,,0.001099160000,  -0.96000,
,,,0.001099180000,  -0.96000,
,,,0.001099200000,  -0.96000,
,,,0.001099220000,  -0.48000,
,,,0.001099240000,  -0.26000,
,,,0.001099260000,  -0.26000,
,,,0.001099280000,  -0.24000,
,,,0.001099300000,  -0.24000,
,,,0.001099320000,  -0.28000,
,,,0.001099340000,   0.40000,
,,,0.001099360000,   0.66000,
,,,0.001099380000,   0.68000,
,,,0.001099400000,   0.66000,
,,,0.001099420000,   0.68000,
,,,0.001099440000,   0.66000,
,,,0.001099460000,   0.72000,
,,,0.001099480000,   1.00000,
,,,0.001099500000,   1.00000,
,,,0.001099520000,   0.98000,
,,,0.001099540000,   1.00000,
,,,0.001099560000,   1.00000,
,,,0.001099580000,   0.96000,
,,,0.001099600000,   0.36000,
,,,0.001099620000,   0.30000,
,,,0.001099640000,   0.36000,
,,,0.001099660000,   0.36000,
,,,0.001099680000,   0.36000,
,,,0.001099700000,   0.34000,
,,,0.001099720000,  -0.58000,
,,,0.001099740000,  -0.58000,
,,,0.001099760000,  -0.58000,
,,,0.001099780000,  -0.58000,
,,,0.001099800000,  -0.54000,
,,,0.001099820000,  -0.56000,
,,,0.001099840000,  -1.02000,
,,,0.001099860000,  -1.02000,
,,,0.001099880000,  -1.00000,
,,,0.001099900000,  -1.02000,
,,,0.001099920000,  -1.04000,
,,,0.001099940000,  -1.00000,
,,,0.001099960000,  -0.60000,
,,,0.001099980000,  -0.58000,
,,,0.001100000000,  -0.54000,
,,,0.001100020000,  -0.56000,
,,,0.001100040000,  -0.58000,
,,,0.001100060000,  -0.60000,
,,,0.001100080000,   0.42000,
,,,0.001100100000,   0.38000,
,,,0.001100120000,   0.42000,
,,,0.001100140000,   0.40000,
,,,0.001100160000,   0.40000,
,,,0.001100180000,   0.40000,
,,,0.001100200000,   0.94000,
,,,0.001100220000,   0.96000,
,,,0.001100240000,   0.98000,
,,,0.001100260000,   0.96000,
,,,0.001100280000,   0.98000,
,,,0.001100300000,   0.98000,
,,,0.001100320000,   0.76000,
,,,0.001100340000,   0.74000,
,,,0.001100360000,   0.74000,
,,,0.001100380000,   0.74000,
,,,0.001100400000,   0.74000,
,,,0.001100420000,   0.76000,
,,,0.001100440000,   0.16000,
,,,0.001100460000,  -0.10000,
,,,0.001100480000,  -0.08000,
,,,0.001100500000,  -0.08000,
,,,0.001100520000,  -0.10000,
,,,0.001100540000,  -0.08000,
,,,0.001100560000,  -0.26000,
,,,0.001100580000,  -0.86000,
,,,0.001100600000,  -0.84000,
,,,0.001100620000,  -0.84000,
,,,0.001100640000,  -0.84000,
,,,0.001100660000,  -0.86000,
,,,0.001100680000,  -0.84000,
,,,0.001100700000,  -0.92000,
,,,0.001100720000,  -0.92000,
,,,0.001100740000,  -0.90000,
,,,0.001100760000,  -0.94000,
,,,0.001100780000,  -0.90000,
,,,0.001100800000,  -0.90000,
,,,0.001100820000,  -0.28000,
,,,0.001100840000,  -0.28000,
,,,0.001100860000,  -0.28000,
,,,0.001100880000,  -0.30000,
,,,0.001100900000,  -0.30000,
,,,0.001100920000,  -0.26000,
,,,0.001100940000,   0.56000,
,,,0.001100960000,   0.54000,
,,,0.001100980000,   0.56000,
,,,0.001101000000,   0.56000,
,,,0.001101020000,   0.56000,
,,,0.001101040000,   0.58000,
,,,0.001101060000,   1.02000,
,,,0.001101080000,   0.96000,
,,,0.001101100000,   1.00000,
,,,0.001101120000,   0.98000,
,,,0.001101140000,   0.96000,
,,,0.001101160000,   1.00000,
,,,0.001101180000,   0.72000,
,,,0.001101200000,   0.74000,
,,,0.001101220000,   0.74000,
,,,0.001101240000,   0.76000,
,,,0.001101260000,   0.78000,
,,,0.001101280000,   0.78000,
,,,0.001101300000,  -0.08000,
,,,0.001101320000,  -0.02000,
,,,0.001101340000,  -0.04000,
,,,0.001101360000,  -0.04000,
,,,0.001101380000,  -0.04000,
,,,0.001101400000,  -0.06000,
,,,0.001101420000,  -0.76000,
,,,0.001101440000,  -0.76000,
,,,0.001101460000,  -0.76000,
,,,0.001101480000,  -0.76000,
,,,0.001101500000,  -0.76000,
,,,0.001101520000,  -0.76000,
,,,0.001101540000,  -0.92000,
,,,0.001101560000,  -1.02000,
,,,0.001101580000,  -1.00000,
,,,0.001101600000,  -1.02000,
,,,0.001101620000,  -1.02000,
,,,0.001101640000,  -1.00000,
,,,0.001101660000,  -0.76000,
,,,0.001101680000,  -0.68000,
,,,0.001101700000,  -0.66000,
,,,0.001101720000,  -0.62000,
,,,0.001101740000,  -0.70000,
,,,0.001101760000,  -0.70000,
,,,0.001101780000,  -0.50000,
,,,0.001101800000,   0.06000,
,,,0.001101820000,   0.00000,
,,,0.001101840000,   0.02000,
,,,0.001101860000,   0.04000,
,,,0.001101880000,   0.02000,
,,,0.001101900000,   0.20000,
,,,0.001101920000,   0.72000,
,,,0.001101940000,   0.74000,
,,,0.001101960000,   0.74000,
,,,0.001101980000,   0.76000,
,,,0.001102000000,   0.74000,
,,,0.001102020000,   0.78000,
,,,0.001102040000,   1.02000,
,,,0.001102060000,   1.00000,
,,,0.001102080000,   1.00000,
,,,0.001102100000,   1.02000,
,,,0.001102120000,   1.00000,
,,,0.001102140000,   0.98000,
,,,0.001102160000,   0.74000,
,,,0.001102180000,   0.78000,
,,,0.001102200000,   0.74000,
,,,0.001102220000,   0.76000,
,,,0.001102240000,   0.76000,
,,,0.001102260000,   0.74000,
,,,0.001102280000,   0.18000,
,,,0.001102300000,   0.16000,
,,,0.001102320000,   0.20000,
,,,0.001102340000,   0.18000,
,,,0.001102360000,   0.18000,
,,,0.001102380000,   0.16000,
,,,0.001102400000,  -0.48000,
,,,0.001102420000,  -0.48000,
,,,0.001102440000,  -0.48000,
,,,0.001102460000,  -0.48000,
,,,0.001102480000,  -0.44000,
,,,0.001102500000,  -0.46000,
,,,0.001102520000,  -0.90000,
,,,0.001102540000,  -0.94000,
,,,0.001102560000,  -0.96000,
,,,0.001102580000,  -0.94000,
,,,0.001102600000,  -0.94000,
,,,0.001102620000,  -0.92000,
,,,0.001102640000,  -0.98000,
,,,0.001102660000,  -0.96000,
,,,0.001102680000,  -0.96000,
,,,0.001102700000,  -1.00000,
,,,0.001102720000,  -0.96000,
,,,0.001102740000,  -0.96000,
,,,0.001102760000,  -0.74000,
,,,0.001102780000,  -0.62000,
,,,0.001102800000,  -0.64000,
,,,0.001102820000,  -0.62000,
,,,0.001102840000,  -0.62000,
,,,0.001102860000,  -0.62000,
,,,0.001102880000,  -0.26000,
,,,0.001102900000,  -0.04000,
,,,0.001102920000,  -0.08000,
,,,0.001102940000,  -0.04000,
,,,0.001102960000,  -0.02000,
,,,0.001102980000,  -0.06000,
,,,0.001103000000,   0.06000,
,,,0.001103020000,   0.56000,
,,,0.001103040000,   0.52000,
,,,0.001103060000,   0.52000,
,,,0.001103080000,   0.52000,
,,,0.001103100000,   0.48000,
,,,0.001103120000,   0.48000,
,,,0.001103140000,   0.92000,
,,,0.001103160000,   0.92000,
,,,0.001103180000,   0.92000,
,,,0.001103200000,   0.90000,
,,,0.001103220000,   0.90000,
,,,0.001103240000,   0.92000,
,,,0.001103260000,   1.00000,
,,,0.001103280000,   0.94000,
,,,0.001103300000,   1.00000,
,,,0.001103320000,   0.96000,
,,,0.001103340000,   0.96000,
,,,0.001103360000,   0.98000,
,,,0.001103380000,   0.72000,
,,,0.001103400000,   0.72000,
,,,0.001103420000,   0.70000,
,,,0.001103440000,   0.72000,
,,,0.001103460000,   0.72000,
,,,0.001103480000,   0.72000,
,,,0.001103500000,   0.26000,
,,,0.001103520000,   0.24000,
,,,0.001103540000,   0.26000,
,,,0.001103560000,   0.24000,
,,,0.001103580000,   0.22000,
,,,0.001103600000,   0.22000,
,,,0.001103620000,  -0.34000,
,,,0.001103640000,  -0.32000,
,,,0.001103660000,  -0.36000,
,,,0.001103680000,  -0.32000,
,,,0.001103700000,  -0.32000,
,,,0.001103720000,  -0.34000,
,,,0.001103740000,  -0.78000,
,,,0.001103760000,  -0.76000,
,,,0.001103780000,  -0.76000,
,,,0.001103800000,  -0.78000,
,,,0.001103820000,  -0.78000,
,,,0.001103840000,  -0.78000,
,,,0.001103860000,  -1.00000,
,,,0.001103880000,  -1.00000,
,,,0.001103900000,  -1.00000,
,,,0.001103920000,  -1.02000,
,,,0.001103940000,  -0.96000,
,,,0.001103960000,  -1.00000,
,,,0.001103980000,  -0.94000,
,,,0.001104000000,  -0.94000,
,,,0.001104020000,  -0.96000,
,,,0.001104040000,  -0.94000,
,,,0.001104060000,  -0.96000,
,,,0.001104080000,  -0.92000,
,,,0.001104100000,  -0.88000,
,,,0.001104120000,  -0.66000,
,,,0.001104140000,  -0.62000,
,,,0.001104160000,  -0.62000,
,,,0.001104180000,  -0.64000,
,,,0.001104200000,  -0.64000,
,,,0.001104220000,  -0.52000,
,,,0.001104240000,  -0.12000,
,,,0.001104260000,  -0.12000,
,,,0.001104280000,  -0.10000,
,,,0.001104300000,  -0.08000,
,,,0.001104320000,  -0.12000,
,,,0.001104340000,  -0.12000,
,,,0.001104360000,   0.44000,
,,,0.001104380000,   0.42000,
,,,0.001104400000,   0.40000,
,,,0.001104420000,   0.42000,
,,,0.001104440000,   0.42000,
,,,0.001104460000,   0.40000,
,,,0.001104480000,   0.84000,
,,,0.001104500000,   0.82000,
,,,0.001104520000,   0.82000,
,,,0.001104540000,   0.82000,
,,,0.001104560000,   0.82000,
,,,0.001104580000,   0.82000,
,,,0.001104600000,   1.00000,
,,,0.001104620000,   0.96000,
,,,0.001104640000,   0.98000,
,,,0.001104660000,   1.00000,
,,,0.001104680000,   1.00000,
,,,0.001104700000,   0.98000,
,,,0.001104720000,   0.88000,
,,,0.001104740000,   0.90000,
,,,0.001104760000,   0.90000,
,,,0.001104780000,   0.90000,
,,,0.001104800000,   0.88000,
,,,0.001104820000,   0.88000,
,,,0.001104840000,   0.48000,
,,,0.001104860000,   0.52000,
,,,0.001104880000,   0.48000,
,,,0.001104900000,   0.50000,
,,,0.001104920000,   0.52000,
,,,0.001104940000,   0.50000,
,,,0.001104960000,   0.02000,
,,,0.001104980000,  -0.02000,
,,,0.001105000000,  -0.04000,
,,,0.001105020000,  -0.02000,
,,,0.001105040000,  -0.04000,
,,,0.001105060000,   0.00000,
,,,0.001105080000,  -0.38000,
,,,0.001105100000,  -0.56000,
,,,0.001105120000,  -0.56000,
,,,0.001105140000,  -0.58000,
,,,0.001105160000,  -0.54000,
,,,0.001105180000,  -0.56000,
,,,0.001105200000,  -0.80000,
,,,0.001105220000,  -0.92000,
,,,0.001105240000,  -0.92000,
,,,0.001105260000,  -0.94000,
,,,0.001105280000,  -0.92000,
,,,0.001105300000,  -0.90000,
,,,0.001105320000,  -0.92000,
,,,0.001105340000,  -1.02000,
,,,0.001105360000,  -1.00000,
,,,0.001105380000,  -1.04000,
,,,0.001105400000,  -1.02000,
,,,0.001105420000,  -1.00000,
,,,0.001105440000,  -0.92000,
,,,0.001105460000,  -0.74000,
,,,0.001105480000,  -0.74000,
,,,0.001105500000,  -0.72000,
,,,0.001105520000,  -0.74000,
,,,0.001105540000,  -0.74000,
,,,0.001105560000,  -0.74000,
,,,0.001105580000,  -0.24000,
,,,0.001105600000,  -0.22000,
,,,0.001105620000,  -0.22000,
,,,0.001105640000,  -0.22000,
,,,0.001105660000,  -0.22000,
,,,0.001105680000,  -0.20000,
,,,0.001105700000,   0.36000,
,,,0.001105720000,   0.36000,
,,,0.001105740000,   0.38000,
,,,0.001105760000,   0.38000,
,,,0.001105780000,   0.36000,
,,,0.001105800000,   0.38000,
,,,0.001105820000,   0.86000,
,,,0.001105840000,   0.82000,
,,,0.001105860000,   0.82000,
,,,0.001105880000,   0.82000,
,,,0.001105900000,   0.84000,
,,,0.001105920000,   0.86000,
,,,0.001105940000,   1.00000,
,,,0.001105960000,   1.00000,
,,,0.001105980000,   1.00000,
,,,0.001106000000,   0.98000,
,,,0.001106020000,   1.00000,
,,,0.001106040000,   0.98000,
,,,0.001106060000,   0.76000,
,,,0.001106080000,   0.70000,
,,,0.001106100000,   0.70000,
,,,0.001106120000,   0.70000,
,,,0.001106140000,   0.70000,
,,,0.001106160000,   0.70000,
,,,0.001106180000,   0.14000,
,,,0.001106200000,   0.10000,
,,,0.001106220000,   0.12000,
,,,0.001106240000,   0.12000,
,,,0.001106260000,   0.12000,
,,,0.001106280000,   0.14000,
,,,0.001106300000,  -0.32000,
,,,0.001106320000,  -0.54000,
,,,0.001106340000,  -0.54000,
,,,0.001106360000,  -0.52000,
,,,0.001106380000,  -0.54000,
,,,0.001106400000,  -0.54000,
,,,0.001106420000,  -0.82000,
,,,0.001106440000,  -0.98000,
,,,0.001106460000,  -0.98000,
,,,0.001106480000,  -0.94000,
,,,0.001106500000,  -0.94000,
,,,0.001106520000,  -0.96000,
,,,0.001106540000,  -0.94000,
,,,0.001106560000,  -0.94000,
,,,0.001106580000,  -0.90000,
,,,0.001106600000,  -0.94000,
,,,0.001106620000,  -0.94000,
,,,0.001106640000,  -0.90000,
,,,0.001106660000,  -0.94000,
,,,0.001106680000,  -0.36000,
,,,0.001106700000,  -0.34000,
,,,0.001106720000,  -0.38000,
,,,0.001106740000,  -0.38000,
,,,0.001106760000,  -0.38000,
,,,0.001106780000,  -0.36000,
,,,0.001106800000,   0.38000,
,,,0.001106820000,   0.36000,
,,,0.001106840000,   0.36000,
,,,0.001106860000,   0.34000,
,,,0.001106880000,   0.32000,
,,,0.001106900000,   0.36000,
,,,0.001106920000,   0.92000,
,,,0.001106940000,   0.88000,
,,,0.001106960000,   0.88000,
,,,0.001106980000,   0.88000,
,,,0.001107000000,   0.92000,
,,,0.001107020000,   0.90000,
,,,0.001107040000,   0.96000,
,,,0.001107060000,   0.94000,
,,,0.001107080000,   0.94000,
,,,0.001107100000,   0.92000,
,,,0.001107120000,   0.94000,
,,,0.001107140000,   0.92000,
,,,0.001107160000,   0.30000,
,,,0.001107180000,   0.36000,
,,,0.001107200000,   0.34000,
,,,0.001107220000,   0.34000,
,,,0.001107240000,   0.32000,
,,,0.001107260000,   0.36000,
,,,0.001107280000,  -0.40000,
,,,0.001107300000,  -0.46000,
,,,0.001107320000,  -0.48000,
,,,0.001107340000,  -0.48000,
,,,0.001107360000,  -0.46000,
,,,0.001107380000,  -0.48000,
,,,0.001107400000,  -0.96000,
,,,0.001107420000,  -0.98000,
,,,0.001107440000,  -1.00000,
,,,0.001107460000,  -0.98000,
,,,0.001107480000,  -1.00000,
,,,0.001107500000,  -1.00000,
,,,0.001107520000,  -0.88000,
,,,0.001107540000,  -0.88000,
,,,0.001107560000,  -0.86000,
,,,0.001107580000,  -0.84000,
,,,0.001107600000,  -0.86000,
,,,0.001107620000,  -0.84000,
,,,0.001107640000,  -0.66000,
,,,0.001107660000,  -0.12000,
,,,0.001107680000,  -0.14000,
,,,0.001107700000,  -0.12000,
,,,0.001107720000,  -0.14000,
,,,0.001107740000,  -0.12000,
,,,0.001107760000,   0.04000,
,,,0.001107780000,   0.74000,
,,,0.001107800000,   0.74000,
,,,0.001107820000,   0.72000,
,,,0.001107840000,   0.72000,
,,,0.001107860000,   0.70000,
,,,0.001107880000,   0.74000,
,,,0.001107900000,   0.98000,
,,,0.001107920000,   1.02000,
,,,0.001107940000,   1.00000,
,,,0.001107960000,   1.00000,
,,,0.001107980000,   0.98000,
,,,0.001108000000,   0.98000,
,,,0.001108020000,   0.46000,
,,,0.001108040000,   0.50000,
,,,0.001108060000,   0.46000,
,,,0.001108080000,   0.44000,
,,,0.001108100000,   0.46000,
,,,0.001108120000,   0.48000,
,,,0.001108140000,  -0.42000,
,,,0.001108160000,  -0.42000,
,,,0.001108180000,  -0.42000,
,,,0.001108200000,  -0.42000,
,,,0.001108220000,  -0.44000,
,,,0.001108240000,  -0.44000,
,,,0.001108260000,  -1.00000,
,,,0.001108280000,  -1.00000,
,,,0.001108300000,  -1.00000,
,,,0.001108320000,  -1.00000,
,,,0.001108340000,  -0.98000,
,,,0.001108360000,  -1.00000,
,,,0.001108380000,  -0.72000,
,,,0.001108400000,  -0.68000,
,,,0.001108420000,  -0.70000,
,,,0.001108440000,  -0.72000,
,,,0.001108460000,  -0.72000,
,,,0.001108480000,  -0.72000,
,,,0.001108500000,   0.08000,
,,,0.001108520000,   0.14000,
,,,0.001108540000,   0.16000,
,,,0.001108560000,   0.16000,
,,,0.001108580000,   0.14000,
,,,0.001108600000,   0.16000,
,,,0.001108620000,   0.66000,
,,,0.001108640000,   0.90000,
,,,0.001108660000,   0.90000,
,,,0.001108680000,   0.90000,
,,,0.001108700000,   0.90000,
,,,0.001108720000,   0.90000,
,,,0.001108740000,   0.88000,
,,,0.001108760000,   0.84000,
,,,0.001108780000,   0.86000,
,,,0.001108800000,   0.88000,
,,,0.001108820000,   0.82000,
,,,0.001108840000,   0.86000,
,,,0.001108860000,   0.68000,
,,,0.001108880000,   0.06000,
,,,0.001108900000,   0.10000,
,,,0.001108920000,   0.06000,
,,,0.001108940000,   0.06000,
,,,0.001108960000,   0.06000,
,,,0.001108980000,  -0.16000,
,,,0.001109000000,  -0.88000,
,,,0.001109020000,  -0.86000,
,,,0.001109040000,  -0.88000,
,,,0.001109060000,  -0.86000,
,,,0.001109080000,  -0.86000,
,,,0.001109100000,  -0.88000,
,,,0.001109120000,  -0.92000,
,,,0.001109140000,  -0.98000,
,,,0.001109160000,  -0.94000,
,,,0.001109180000,  -0.94000,
,,,0.001109200000,  -0.94000,
,,,0.001109220000,  -0.96000,
,,,0.001109240000,  -0.20000,
,,,0.001109260000,  -0.20000,
,,,0.001109280000,  -0.20000,
,,,0.001109300000,  -0.24000,
,,,0.001109320000,  -0.22000,
,,,0.001109340000,  -0.24000,
,,,0.001109360000,   0.68000,
,,,0.001109380000,   0.66000,
,,,0.001109400000,   0.72000,
,,,0.001109420000,   0.68000,
,,,0.001109440000,   0.70000,
,,,0.001109460000,   0.72000,
,,,0.001109480000,   0.98000,
,,,0.001109500000,   0.96000,
,,,0.001109520000,   0.96000,
,,,0.001109540000,   0.98000,
,,,0.001109560000,   0.98000,
,,,0.001109580000,   1.00000,
,,,0.001109600000,   0.40000,
,,,0.001109620000,   0.32000,
,,,0.001109640000,   0.32000,
,,,0.001109660000,   0.32000,
,,,0.001109680000,   0.32000,
,,,0.001109700000,   0.34000,
,,,0.001109720000,  -0.56000,
,,,0.001109740000,  -0.62000,
,,,0.001109760000,  -0.62000,
,,,0.001109780000,  -0.62000,
,,,0.001109800000,  -0.62000,
,,,0.001109820000,  -0.64000,
,,,0.001109840000,  -0.90000,
,,,0.001109860000,  -1.02000,
,,,0.001109880000,  -1.02000,
,,,0.001109900000,  -1.00000,
,,,0.001109920000,  -0.98000,
,,,0.001109940000,  -1.00000,
,,,0.001109960000,  -0.70000,
,,,0.001109980000,  -0.56000,
,,,0.001110000000,  -0.56000,
,,,0.001110020000,  -0.56000,
,,,0.001110040000,  -0.56000,
,,,0.001110060000,  -0.54000,
,,,0.001110080000,  -0.30000,
,,,0.001110100000,   0.46000,
,,,0.001110120000,   0.42000,
,,,0.001110140000,   0.46000,
,,,0.001110160000,   0.40000,
,,,0.001110180000,   0.44000,
,,,0.001110200000,   0.44000,
,,,0.001110220000,   1.00000,
,,,0.001110240000,   0.96000,
,,,0.001110260000,   1.00000,
,,,0.001110280000,   1.02000,
,,,0.001110300000,   0.98000,
,,,0.001110320000,   0.98000,
,,,0.001110340000,   0.72000,
,,,0.001110360000,   0.72000,
,,,0.001110380000,   0.70000,
,,,0.001110400000,   0.70000,
,,,0.001110420000,   0.70000,
,,,0.001110440000,   0.74000,
,,,0.001110460000,  -0.12000,
,,,0.001110480000,  -0.14000,
,,,0.001110500000,  -0.10000,
,,,0.001110520000,  -0.12000,
,,,0.001110540000,  -0.12000,
,,,0.001110560000,  -0.14000,
,,,0.001110580000,  -0.88000,
,,,0.001110600000,  -0.86000,
,,,0.001110620000,  -0.90000,
,,,0.001110640000,  -0.84000,
,,,0.001110660000,  -0.86000,
,,,0.001110680000,  -0.86000,
,,,0.001110700000,  -0.92000,
,,,0.001110720000,  -0.92000,
,,,0.001110740000,  -0.92000,
,,,0.001110760000,  -0.88000,
,,,0.001110780000,  -0.94000,
,,,0.001110800000,  -0.92000,
,,,0.001110820000,  -0.30000,
,,,0.001110840000,  -0.26000,
,,,0.001110860000,  -0.22000,
,,,0.001110880000,  -0.24000,
,,,0.001110900000,  -0.26000,
,,,0.001110920000,  -0.28000,
,,,0.001110940000,   0.54000,
,,,0.001110960000,   0.56000,
,,,0.001110980000,   0.58000,
,,,0.001111000000,   0.58000,
,,,0.001111020000,   0.58000,
,,,0.001111040000,   0.56000,
,,,0.001111060000,   0.84000,
,,,0.001111080000,   1.00000,
,,,0.001111100000,   0.98000,
,,,0.001111120000,   0.96000,
,,,0.001111140000,   0.98000,
,,,0.001111160000,   1.00000,
,,,0.001111180000,   0.94000,
,,,0.001111200000,   0.68000,
,,,0.001111220000,   0.72000,
,,,0.001111240000,   0.74000,
,,,0.001111260000,   0.74000,
,,,0.001111280000,   0.72000,
,,,0.001111300000,   0.50000,
,,,0.001111320000,  -0.10000,
,,,0.001111340000,  -0.12000,
,,,0.001111360000,  -0.10000,
,,,0.001111380000,  -0.08000,
,,,0.001111400000,  -0.10000,
,,,0.001111420000,  -0.08000,
,,,0.001111440000,  -0.80000,
,,,0.001111460000,  -0.78000,
,,,0.001111480000,  -0.76000,
,,,0.001111500000,  -0.78000,
,,,0.001111520000,  -0.80000,
,,,0.001111540000,  -0.78000,
,,,0.001111560000,  -1.02000,
,,,0.001111580000,  -1.02000,
,,,0.001111600000,  -1.00000,
,,,0.001111620000,  -1.00000,
,,,0.001111640000,  -1.02000,
,,,0.001111660000,  -1.02000,
,,,0.001111680000,  -0.62000,
,,,0.001111700000,  -0.64000,
,,,0.001111720000,  -0.66000,
,,,0.001111740000,  -0.64000,
,,,0.001111760000,  -0.64000,
,,,0.001111780000,  -0.66000,
,,,0.001111800000,   0.06000,
,,,0.001111820000,   0.04000,
,,,0.001111840000,   0.04000,
,,,0.001111860000,   0.06000,
,,,0.001111880000,   0.08000,
,,,0.001111900000,   0.08000,
,,,0.001111920000,   0.78000,
,,,0.001111940000,   0.76000,
,,,0.001111960000,   0.78000,
,,,0.001111980000,   0.74000,
,,,0.001112000000,   0.78000,
,,,0.001112020000,   0.76000,
,,,0.001112040000,   0.96000,
,,,0.001112060000,   1.00000,
,,,0.001112080000,   1.00000,
,,,0.001112100000,   0.98000,
,,,0.001112120000,   1.02000,
,,,0.001112140000,   0.98000,
,,,0.001112160000,   0.84000,
,,,0.001112180000,   0.74000,
,,,0.001112200000,   0.76000,
,,,0.001112220000,   0.78000,
,,,0.001112240000,   0.74000,
,,,0.001112260000,   0.76000,
,,,0.001112280000,   0.32000,
,,,0.001112300000,   0.16000,
,,,0.001112320000,   0.14000,
,,,0.001112340000,   0.16000,
,,,0.001112360000,   0.14000,
,,,0.001112380000,   0.16000,
,,,0.001112400000,   0.00000,
,,,0.001112420000,  -0.48000,
,,,0.001112440000,  -0.50000,
,,,0.001112460000,  -0.50000,
,,,0.001112480000,  -0.50000,
,,,0.001112500000,  -0.52000,
,,,0.001112520000,  -0.60000,
,,,0.001112540000,  -0.98000,
,,,0.001112560000,  -0.96000,
,,,0.001112580000,  -0.94000,
,,,0.001112600000,  -0.96000,
,,,0.001112620000,  -0.96000,
,,,0.001112640000,  -0.96000,
,,,0.001112660000,  -0.96000,
,,,0.001112680000,  -0.98000,
,,,0.001112700000,  -0.96000,
,,,0.001112720000,  -0.96000,
,,,0.001112740000,  -0.96000,
,,,0.001112760000,  -0.98000,
,,,0.001112780000,  -0.60000,
,,,0.001112800000,  -0.60000,
,,,0.001112820000,  -0.62000,
,,,0.001112840000,  -0.58000,
,,,0.001112860000,  -0.60000,
,,,0.001112880000,  -0.62000,
,,,0.001112900000,  -0.04000,
,,,0.001112920000,  -0.04000,
,,,0.001112940000,  -0.04000,
,,,0.001112960000,  -0.02000,
,,,0.001112980000,  -0.04000,
,,,0.001113000000,  -0.06000,
,,,0.001113020000,   0.52000,
,,,0.001113040000,   0.50000,
,,,0.001113060000,   0.54000,
,,,0.001113080000,   0.52000,
,,,0.001113100000,   0.54000,
,,,0.001113120000,   0.52000,
,,,0.001113140000,   0.90000,
,,,0.001113160000,   0.94000,
,,,0.001113180000,   0.88000,
,,,0.001113200000,   0.96000,
,,,0.001113220000,   0.92000,
,,,0.001113240000,   0.94000,
,,,0.001113260000,   0.96000,
,,,0.001113280000,   0.98000,
,,,0.001113300000,   0.98000,
,,,0.001113320000,   0.96000,
,,,0.001113340000,   0.98000,
,,,0.001113360000,   1.02000,
,,,0.001113380000,   0.78000,
,,,0.001113400000,   0.70000,
,,,0.001113420000,   0.72000,
,,,0.001113440000,   0.72000,
,,,0.001113460000,   0.72000,
,,,0.001113480000,   0.70000,
,,,0.001113500000,   0.40000,
,,,0.001113520000,   0.24000,
,,,0.001113540000,   0.24000,
,,,0.001113560000,   0.22000,
,,,0.001113580000,   0.24000,
,,,0.001113600000,   0.24000,
,,,0.001113620000,   0.08000,
,,,0.001113640000,  -0.36000,
,,,0.001113660000,  -0.36000,
,,,0.001113680000,  -0.36000,
,,,0.001113700000,  -0.36000,
,,,0.001113720000,  -0.36000,
,,,0.001113740000,  -0.32000,
,,,0.001113760000,  -0.80000,
,,,0.001113780000,  -0.84000,
,,,0.001113800000,  -0.80000,
,,,0.001113820000,  -0.78000,
,,,0.001113840000,  -0.76000,
,,,0.001113860000,  -0.78000,
,,,0.001113880000,  -1.00000,
,,,0.001113900000,  -0.98000,
,,,0.001113920000,  -1.00000,
,,,0.001113940000,  -0.98000,
,,,0.001113960000,  -1.00000,
,,,0.001113980000,  -1.00000,
,,,0.001114000000,  -0.96000,
,,,0.001114020000,  -0.94000,
,,,0.001114040000,  -0.94000,
,,,0.001114060000,  -0.92000,
,,,0.001114080000,  -0.92000,
,,,0.001114100000,  -0.90000,
,,,0.001114120000,  -0.62000,
,,,0.001114140000,  -0.62000,
,,,0.001114160000,  -0.64000,
,,,0.001114180000,  -0.64000,
,,,0.001114200000,  -0.60000,
,,,0.001114220000,  -0.62000,
,,,0.001114240000,  -0.08000,
,,,0.001114260000,  -0.06000,
,,,0.001114280000,  -0.08000,
,,,0.001114300000,  -0.10000,
,,,0.001114320000,  -0.06000,
,,,0.001114340000,  -0.08000,
,,,0.001114360000,   0.40000,
,,,0.001114380000,   0.40000,
,,,0.001114400000,   0.42000,
,,,0.001114420000,   0.44000,
,,,0.001114440000,   0.42000,
,,,0.001114460000,   0.44000,
,,,0.001114480000,   0.82000,
,,,0.001114500000,   0.86000,
,,,0.001114520000,   0.82000,
,,,0.001114540000,   0.88000,
,,,0.001114560000,   0.84000,
,,,0.001114580000,   0.82000,
,,,0.001114600000,   0.94000,
,,,0.001114620000,   1.02000,
,,,0.001114640000,   1.00000,
,,,0.001114660000,   1.00000,
,,,0.001114680000,   1.00000,
,,,0.001114700000,   0.98000,
,,,0.001114720000,   0.98000,
,,,0.001114740000,   0.90000,
,,,0.001114760000,   0.86000,
,,,0.001114780000,   0.90000,
,,,0.001114800000,   0.86000,
,,,0.001114820000,   0.88000,
,,,0.001114840000,   0.78000,
,,,0.001114860000,   0.46000,
,,,0.001114880000,   0.48000,
,,,0.001114900000,   0.50000,
,,,0.001114920000,   0.46000,
,,,0.001114940000,   0.48000,
,,,0.001114960000,   0.50000,
,,,0.001114980000,  -0.08000,
,,,0.001115000000,  -0.04000,
,,,0.001115020000,  -0.06000,
,,,0.001115040000,  -0.06000,
,,,0.001115060000,  -0.02000,
,,,0.001115080000,  -0.08000,
,,,0.001115100000,  -0.60000,
,,,0.001115120000,  -0.60000,
,,,0.001115140000,  -0.56000,
,,,0.001115160000,  -0.58000,
,,,0.001115180000,  -0.56000,
,,,0.001115200000,  -0.56000,
,,,0.001115220000,  -0.94000,
,,,0.001115240000,  -0.94000,
,,,0.001115260000,  -0.92000,
,,,0.001115280000,  -0.94000,
,,,0.001115300000,  -0.92000,
,,,0.001115320000,  -0.94000,
,,,0.001115340000,  -1.00000,
,,,0.001115360000,  -1.00000,
,,,0.001115380000,  -1.00000,
,,,0.001115400000,  -0.96000,
,,,0.001115420000,  -1.00000,
,,,0.001115440000,  -0.98000,
,,,0.001115460000,  -0.72000,
,,,0.001115480000,  -0.72000,
,,,0.001115500000,  -0.70000,
,,,0.001115520000,  -0.74000,
,,,0.001115540000,  -0.70000,
,,,0.001115560000,  -0.70000,
,,,0.001115580000,  -0.22000,
,,,0.001115600000,  -0.20000,
,,,0.001115620000,  -0.22000,
,,,0.001115640000,  -0.18000,
,,,0.001115660000,  -0.18000,
,,,0.001115680000,  -0.22000,
,,,0.001115700000,   0.20000,
,,,0.001115720000,   0.40000,
,,,0.001115740000,   0.42000,
,,,0.001115760000,   0.38000,
,,,0.001115780000,   0.40000,
,,,0.001115800000,   0.40000,
,,,0.001115820000,   0.72000,
,,,0.001115840000,   0.88000,
,,,0.001115860000,   0.88000,
,,,0.001115880000,   0.86000,
,,,0.001115900000,   0.86000,
,,,0.001115920000,   0.86000,
,,,0.001115940000,   0.90000,
,,,0.001115960000,   1.02000,
,,,0.001115980000,   0.98000,
,,,0.001116000000,   0.98000,
,,,0.001116020000,   1.00000,
,,,0.001116040000,   1.00000,
,,,0.001116060000,   0.90000,
,,,0.001116080000,   0.68000,
,,,0.001116100000,   0.68000,
,,,0.001116120000,   0.66000,
,,,0.001116140000,   0.68000,
,,,0.001116160000,   0.66000,
,,,0.001116180000,   0.70000,
,,,0.001116200000,   0.08000,
,,,0.001116220000,   0.12000,
,,,0.001116240000,   0.08000,
,,,0.001116260000,   0.08000,
,,,0.001116280000,   0.10000,
,,,0.001116300000,   0.10000,
,,,0.001116320000,  -0.58000,
,,,0.001116340000,  -0.56000,
,,,0.001116360000,  -0.56000,
,,,0.001116380000,  -0.56000,
,,,0.001116400000,  -0.56000,
,,,0.001116420000,  -0.56000,
,,,0.001116440000,  -0.96000,
,,,0.001116460000,  -0.94000,
,,,0.001116480000,  -0.98000,
,,,0.001116500000,  -0.98000,
,,,0.001116520000,  -0.96000,
,,,0.001116540000,  -0.98000,
,,,0.001116560000,  -0.92000,
,,,0.001116580000,  -0.92000,
,,,0.001116600000,  -0.90000,
,,,0.001116620000,  -0.90000,
,,,0.001116640000,  -0.90000,
,,,0.001116660000,  -0.92000,
,,,0.001116680000,  -0.38000,
,,,0.001116700000,  -0.36000,
,,,0.001116720000,  -0.38000,
,,,0.001116740000,  -0.36000,
,,,0.001116760000,  -0.34000,
,,,0.001116780000,  -0.38000,
,,,0.001116800000,   0.34000,
,,,0.001116820000,   0.36000,
,,,0.001116840000,   0.38000,
,,,0.001116860000,   0.38000,
,,,0.001116880000,   0.40000,
,,,0.001116900000,   0.40000,
,,,0.001116920000,   0.78000,
,,,0.001116940000,   0.92000,
,,,0.001116960000,   0.90000,
,,,0.001116980000,   0.90000,
,,,0.001117000000,   0.88000,
,,,0.001117020000,   0.92000,
,,,0.001117040000,   0.92000,
,,,0.001117060000,   0.94000,
,,,0.001117080000,   0.92000,
,,,0.001117100000,   0.92000,
,,,0.001117120000,   0.90000,
,,,0.001117140000,   0.90000,
,,,0.001117160000,   0.80000,
,,,0.001117180000,   0.26000,
,,,0.001117200000,   0.32000,
,,,0.001117220000,   0.26000,
,,,0.001117240000,   0.26000,
,,,0.001117260000,   0.26000,
,,,0.001117280000,   0.26000,
,,,0.001117300000,  -0.52000,
,,,0.001117320000,  -0.48000,
,,,0.001117340000,  -0.52000,
,,,0.001117360000,  -0.50000,
,,,0.001117380000,  -0.50000,
,,,0.001117400000,  -0.52000,
,,,0.001117420000,  -0.98000,
,,,0.001117440000,  -1.00000,
,,,0.001117460000,  -1.00000,
,,,0.001117480000,  -1.00000,
,,,0.001117500000,  -1.02000,
,,,0.001117520000,  -1.00000,
,,,0.001117540000,  -0.84000,
,,,0.001117560000,  -0.82000,
,,,0.001117580000,  -0.84000,
,,,0.001117600000,  -0.86000,
,,,0.001117620000,  -0.82000,
,,,0.001117640000,  -0.84000,
,,,0.001117660000,  -0.10000,
,,,0.001117680000,  -0.10000,
,,,0.001117700000,  -0.08000,
,,,0.001117720000,  -0.10000,
,,,0.001117740000,  -0.12000,
,,,0.001117760000,  -0.14000,
,,,0.001117780000,   0.76000,
,,,0.001117800000,   0.76000,
,,,0.001117820000,   0.74000,
,,,0.001117840000,   0.76000,
,,,0.001117860000,   0.76000,
,,,0.001117880000,   0.72000,
,,,0.001117900000,   0.96000,
,,,0.001117920000,   0.96000,
,,,0.001117940000,   1.00000,
,,,0.001117960000,   0.98000,
,,,0.001117980000,   0.96000,
,,,0.001118000000,   0.98000,
,,,0.001118020000,   0.48000,
,,,0.001118040000,   0.42000,
,,,0.001118060000,   0.44000,
,,,0.001118080000,   0.42000,
,,,0.001118100000,   0.42000,
,,,0.001118120000,   0.44000,
,,,0.001118140000,  -0.20000,
,,,0.001118160000,  -0.44000,
,,,0.001118180000,  -0.48000,
,,,0.001118200000,  -0.44000,
,,,0.001118220000,  -0.46000,
,,,0.001118240000,  -0.46000,
,,,0.001118260000,  -0.62000,
,,,0.001118280000,  -1.00000,
,,,0.001118300000,  -0.98000,
,,,0.001118320000,  -0.98000,
,,,0.001118340000,  -1.02000,
,,,0.001118360000,  -0.98000,
,,,0.001118380000,  -0.92000,
,,,0.001118400000,  -0.70000,
,,,0.001118420000,  -0.66000,
,,,0.001118440000,  -0.68000,
,,,0.001118460000,  -0.66000,
,,,0.001118480000,  -0.70000,
,,,0.001118500000,  -0.68000,
,,,0.001118520000,   0.20000,
,,,0.001118540000,   0.18000,
,,,0.001118560000,   0.22000,
,,,0.001118580000,   0.20000,
,,,0.001118600000,   0.20000,
,,,0.001118620000,   0.20000,
,,,0.001118640000,   0.96000,
,,,0.001118660000,   0.92000,
,,,0.001118680000,   0.92000,
,,,0.001118700000,   0.90000,
,,,0.001118720000,   0.92000,
,,,0.001118740000,   0.90000,
,,,0.001118760000,   0.82000,
,,,0.001118780000,   0.84000,
,,,0.001118800000,   0.86000,
,,,0.001118820000,   0.82000,
,,,0.001118840000,   0.82000,
,,,0.001118860000,   0.86000,
,,,0.001118880000,   0.02000,
,,,0.001118900000,   0.02000,
,,,0.001118920000,   0.04000,
,,,0.001118940000,   0.04000,
,,,0.001118960000,   0.00000,
,,,0.001118980000,   0.04000,
,,,0.001119000000,  -0.88000,
,,,0.001119020000,  -0.86000,
,,,0.001119040000,  -0.88000,
,,,0.001119060000,  -0.88000,
,,,0.001119080000,  -0.88000,
,,,0.001119100000,  -0.86000,
,,,0.001119120000,  -0.90000,
,,,0.001119140000,  -0.90000,
,,,0.001119160000,  -0.92000,
,,,0.001119180000,  -0.90000,
,,,0.001119200000,  -0.92000,
,,,0.001119220000,  -0.96000,
,,,0.001119240000,  -0.40000,
,,,0.001119260000,  -0.16000,
,,,0.001119280000,  -0.18000,
,,,0.001119300000,  -0.16000,
,,,0.001119320000,  -0.18000,
,,,0.001119340000,  -0.16000,
,,,0.001119360000,   0.46000,
,,,0.001119380000,   0.72000,
,,,0.001119400000,   0.72000,
,,,0.001119420000,   0.70000,
,,,0.001119440000,   0.70000,
,,,0.001119460000,   0.74000,
,,,0.001119480000,   0.78000,
,,,0.001119500000,   1.00000,
,,,0.001119520000,   1.00000,
,,,0.001119540000,   0.98000,
,,,0.001119560000,   1.00000,
,,,0.001119580000,   0.98000,
,,,0.001119600000,   0.78000,
,,,0.001119620000,   0.28000,
,,,0.001119640000,   0.28000,
,,,0.001119660000,   0.26000,
,,,0.001119680000,   0.28000,
,,,0.001119700000,   0.26000,
,,,0.001119720000,   0.26000,
,,,0.001119740000,  -0.70000,
,,,0.001119760000,  -0.62000,
,,,0.001119780000,  -0.64000,
,,,0.001119800000,  -0.64000,
,,,0.001119820000,  -0.64000,
,,,0.001119840000,  -0.62000,
,,,0.001119860000,  -1.04000,
,,,0.001119880000,  -1.00000,
,,,0.001119900000,  -1.00000,
,,,0.001119920000,  -1.00000,
,,,0.001119940000,  -1.02000,
,,,0.001119960000,  -1.02000,
,,,0.001119980000,  -0.50000,
,,,0.001120000000,  -0.52000,
,,,0.001120020000,  -0.54000,
,,,0.001120040000,  -0.48000,
,,,0.001120060000,  -0.54000,
,,,0.001120080000,  -0.52000,
,,,0.001120100000,   0.40000,
,,,0.001120120000,   0.40000,
,,,0.001120140000,   0.40000,
,,,0.001120160000,   0.40000,
,,,0.001120180000,   0.42000,
,,,0.001120200000,   0.44000,
,,,0.001120220000,   0.96000,
,,,0.001120240000,   0.98000,
,,,0.001120260000,   1.00000,
,,,0.001120280000,   0.98000,
,,,0.001120300000,   1.02000,
,,,0.001120320000,   1.00000,
,,,0.001120340000,   0.70000,
,,,0.001120360000,   0.72000,
,,,0.001120380000,   0.68000,
,,,0.001120400000,   0.70000,
,,,0.001120420000,   0.70000,
,,,0.001120440000,   0.68000,
,,,0.001120460000,   0.10000,
,,,0.001120480000,  -0.16000,
,,,0.001120500000,  -0.16000,
,,,0.001120520000,  -0.18000,
,,,0.001120540000,  -0.16000,
,,,0.001120560000,  -0.14000,
,,,0.001120580000,  -0.64000,
,,,0.001120600000,  -0.88000,
,,,0.001120620000,  -0.86000,
,,,0.001120640000,  -0.92000,
,,,0.001120660000,  -0.88000,
,,,0.001120680000,  -0.90000,
,,,0.001120700000,  -0.90000,
,,,0.001120720000,  -0.88000,
,,,0.001120740000,  -0.92000,
,,,0.001120760000,  -0.88000,
,,,0.001120780000,  -0.90000,
,,,0.001120800000,  -0.90000,
,,,0.001120820000,  -0.90000,
,,,0.001120840000,  -0.18000,
,,,0.001120860000,  -0.22000,
,,,0.001120880000,  -0.22000,
,,,0.001120900000,  -0.20000,
,,,0.001120920000,  -0.22000,
,,,0.001120940000,  -0.20000,
,,,0.001120960000,   0.62000,
,,,0.001120980000,   0.60000,
,,,0.001121000000,   0.62000,
,,,0.001121020000,   0.60000,
,,,0.001121040000,   0.60000,
,,,0.001121060000,   0.60000,
,,,0.001121080000,   1.00000,
,,,0.001121100000,   1.00000,
,,,0.001121120000,   1.00000,
,,,0.001121140000,   0.98000,
,,,0.001121160000,   1.02000,
,,,0.001121180000,   0.98000,
,,,0.001121200000,   0.70000,
,,,0.001121220000,   0.72000,
,,,0.001121240000,   0.68000,
,,,0.001121260000,   0.72000,
,,,0.001121280000,   0.72000,
,,,0.001121300000,   0.68000,
,,,0.001121320000,  -0.10000,
,,,0.001121340000,  -0.12000,
,,,0.001121360000,  -0.12000,
,,,0.001121380000,  -0.14000,
,,,0.001121400000,  -0.12000,
,,,0.001121420000,  -0.12000,
,,,0.001121440000,  -0.76000,
,,,0.001121460000,  -0.80000,
,,,0.001121480000,  -0.78000,
,,,0.001121500000,  -0.80000,
,,,0.001121520000,  -0.80000,
,,,0.001121540000,  -0.80000,
,,,0.001121560000,  -1.00000,
,,,0.001121580000,  -1.00000,
,,,0.001121600000,  -0.98000,
,,,0.001121620000,  -0.98000,
,,,0.001121640000,  -1.02000,
,,,0.001121660000,  -1.00000,
,,,0.001121680000,  -0.74000,
,,,0.001121700000,  -0.64000,
,,,0.001121720000,  -0.62000,
,,,0.001121740000,  -0.62000,
,,,0.001121760000,  -0.62000,
,,,0.001121780000,  -0.62000,
,,,0.001121800000,  -0.42000,
,,,0.001121820000,   0.10000,
,,,0.001121840000,   0.06000,
,,,0.001121860000,   0.12000,
,,,0.001121880000,   0.10000,
,,,0.001121900000,   0.10000,
,,,0.001121920000,   0.26000,
,,,0.001121940000,   0.80000,
,,,0.001121960000,   0.78000,
,,,0.001121980000,   0.82000,
,,,0.001122000000,   0.76000,
,,,0.001122020000,   0.80000,
,,,0.001122040000,   0.78000,
,,,0.001122060000,   1.00000,
,,,0.001122080000,   0.98000,
,,,0.001122100000,   0.98000,
,,,0.001122120000,   1.02000,
,,,0.001122140000,   1.00000,
,,,0.001122160000,   1.00000,
,,,0.001122180000,   0.74000,
,,,0.001122200000,   0.72000,
,,,0.001122220000,   0.72000,
,,,0.001122240000,   0.72000,
,,,0.001122260000,   0.72000,
,,,0.001122280000,   0.74000,
,,,0.001122300000,   0.10000,
,,,0.001122320000,   0.14000,
,,,0.001122340000,   0.12000,
,,,0.001122360000,   0.10000,
,,,0.001122380000,   0.14000,
,,,0.001122400000,   0.12000,
,,,0.001122420000,  -0.52000,
,,,0.001122440000,  -0.52000,
,,,0.001122460000,  -0.50000,
,,,0.001122480000,  -0.52000,
,,,0.001122500000,  -0.56000,
,,,0.001122520000,  -0.52000,
,,,0.001122540000,  -0.96000,
,,,0.001122560000,  -0.96000,
,,,0.001122580000,  -0.98000,
,,,0.001122600000,  -0.98000,
,,,0.001122620000,  -0.96000,
,,,0.001122640000,  -0.96000,
,,,0.001122660000,  -1.00000,
,,,0.001122680000,  -0.98000,
,,,0.001122700000,  -0.98000,
,,,0.001122720000,  -0.96000,
,,,0.001122740000,  -0.94000,
,,,0.001122760000,  -0.94000,
,,,0.001122780000,  -0.70000,
,,,0.001122800000,  -0.60000,
,,,0.001122820000,  -0.58000,
,,,0.001122840000,  -0.58000,
,,,0.001122860000,  -0.58000,
,,,0.001122880000,  -0.60000,
,,,0.001122900000,  -0.16000,
,,,0.001122920000,  -0.02000,
,,,0.001122940000,  -0.02000,
,,,0.001122960000,  -0.02000,
,,,0.001122980000,  -0.02000,
,,,0.001123000000,  -0.02000,
,,,0.001123020000,   0.10000,
,,,0.001123040000,   0.54000,
,,,0.001123060000,   0.56000,
,,,0.001123080000,   0.54000,
,,,0.001123100000,   0.56000,
,,,0.001123120000,   0.54000,
,,,0.001123140000,   0.66000,
,,,0.001123160000,   0.94000,
,,,0.001123180000,   0.94000,
,,,0.001123200000,   0.96000,
,,,0.001123220000,   0.94000,
,,,0.001123240000,   0.96000,
,,,0.001123260000,   0.94000,
,,,0.001123280000,   0.96000,
,,,0.001123300000,   0.98000,
,,,0.001123320000,   0.98000,
,,,0.001123340000,   0.98000,
,,,0.001123360000,   0.98000,
,,,0.001123380000,   0.94000,
,,,0.001123400000,   0.70000,
,,,0.001123420000,   0.68000,
,,,0.001123440000,   0.70000,
,,,0.001123460000,   0.72000,
,,,0.001123480000,   0.70000,
,,,0.001123500000,   0.70000,
,,,0.001123520000,   0.16000,
,,,0.001123540000,   0.20000,
,,,0.001123560000,   0.20000,
,,,0.001123580000,   0.20000,
,,,0.001123600000,   0.20000,
,,,0.001123620000,   0.22000,
,,,0.001123640000,  -0.34000,
,,,0.001123660000,  -0.36000,
,,,0.001123680000,  -0.34000,
,,,0.001123700000,  -0.36000,
,,,0.001123720000,  -0.34000,
,,,0.001123740000,  -0.36000,
,,,0.001123760000,  -0.78000,
,,,0.001123780000,  -0.78000,
,,,0.001123800000,  -0.80000,
,,,0.001123820000,  -0.82000,
,,,0.001123840000,  -0.80000,
,,,0.001123860000,  -0.80000,
,,,0.001123880000,  -0.98000,
,,,0.001123900000,  -1.04000,
,,,0.001123920000,  -1.00000,
,,,0.001123940000,  -1.00000,
,,,0.001123960000,  -1.00000,
,,,0.001123980000,  -1.00000,
,,,0.001124000000,  -0.92000,
,,,0.001124020000,  -0.92000,
,,,0.001124040000,  -0.96000,
,,,0.001124060000,  -0.96000,
,,,0.001124080000,  -0.94000,
,,,0.001124100000,  -0.92000,
,,,0.001124120000,  -0.70000,
,,,0.001124140000,  -0.58000,
,,,0.001124160000,  -0.60000,
,,,0.001124180000,  -0.56000,
,,,0.001124200000,  -0.58000,
,,,0.001124220000,  -0.58000,
,,,0.001124240000,  -0.46000,
,,,0.001124260000,  -0.06000,
,,,0.001124280000,  -0.06000,
,,,0.001124300000,  -0.06000,
,,,0.001124320000,  -0.06000,
,,,0.001124340000,  -0.08000,
,,,0.001124360000,  -0.06000,
,,,0.001124380000,   0.48000,
,,,0.001124400000,   0.48000,
,,,0.001124420000,   0.44000,
,,,0.001124440000,   0.48000,
,,,0.001124460000,   0.48000,
,,,0.001124480000,   0.44000,
,,,0.001124500000,   0.84000,
,,,0.001124520000,   0.84000,
,,,0.001124540000,   0.86000,
,,,0.001124560000,   0.84000,
,,,0.001124580000,   0.86000,
,,,0.001124600000,   0.82000,
,,,0.001124620000,   0.98000,
,,,0.001124640000,   1.00000,
,,,0.001124660000,   0.98000,
,,,0.001124680000,   0.98000,
,,,0.001124700000,   1.00000,
,,,0.001124720000,   1.02000,
,,,0.001124740000,   0.86000,
,,,0.001124760000,   0.86000,
,,,0.001124780000,   0.86000,
,,,0.001124800000,   0.88000,
,,,0.001124820000,   0.86000,
,,,0.001124840000,   0.86000,
,,,0.001124860000,   0.48000,
,,,0.001124880000,   0.46000,
,,,0.001124900000,   0.46000,
,,,0.001124920000,   0.46000,
,,,0.001124940000,   0.46000,
,,,0.001124960000,   0.46000,
,,,0.001124980000,  -0.04000,
